Line,*Warn,CurrentScore,Division,OverallPlace,PlayTime,ScoredImages,Server2008_state_gsms-Found,Server2008_state_gsms-Penalties,Server2008_state_gsms-Remaining,Server2008_state_gsms-Total,Server2008_state_gsms-Score,Server2008_state_gsms-Time,Server2008_state_gsms-Warn,State,StatePlace,TeamName,TeamNumber,Tier,Ubuntu14_state_sms-Found,Ubuntu14_state_sms-Penalties,Ubuntu14_state_sms-Remaining,Ubuntu14_state_sms-Total,Ubuntu14_state_sms-Score,Ubuntu14_state_sms-Time,Ubuntu14_state_sms-Warn,Windows10_state_sms-Found,Windows10_state_sms-Penalties,Windows10_state_sms-Remaining,Ubuntu14_state_sms-Total,Windows10_state_sms-Score,Windows10_state_sms-Time,Windows10_state_sms-Warn
1,,266,Middle School,1,05:41,3,32,0,6,38,85, 5:41,,VA,1,,10-0301,Middle School,33,0,1,34,97, 5:38,,31,0,7,38,84, 5:39,
2,,253,Middle School,2,05:58,3,31,0,7,38,81, 5:54,,CA,1,,10-1236,Middle School,28,0,6,34,82, 5:58,,34,0,4,38,90, 5:54,
3,,250,Middle School,3,05:52,3,29,0,9,38,76, 5:51,,CA,2,,10-1160,Middle School,29,0,5,34,84, 5:46,,34,0,4,38,90, 5:51,
4,,247,Middle School,4,05:54,3,30,0,8,38,79, 5:49,,MO,1,,10-0523,Middle School,28,0,6,34,86, 5:51,,32,0,6,38,82, 5:54,
5,,246,Middle School,5,05:52,3,28,0,10,38,75, 5:52,,CA,3,,10-1305,Middle School,30,0,4,34,88, 5:52,,31,0,7,38,83, 5:03,
6,,246,Middle School,6,05:43,3,29,0,9,38,78, 5:40,,CA,4,,10-3902,Middle School,30,0,4,34,87, 5:43,,31,0,7,38,81, 5:43,
7,,245,Middle School,7,05:57,3,32,0,6,38,85, 5:55,,CA,5,,10-1744,Middle School,26,0,8,34,75, 5:57,,32,0,6,38,85, 5:56,
8,,243,Middle School,8,05:48,3,31,0,7,38,82, 5:24,,WA,1,,10-5704,Middle School,23,0,11,34,69, 5:40,,34,0,4,38,92, 5:42,
9,,243,Middle School,9,05:58,3,29,0,9,38,77, 5:58,,CA,6,,10-0582,Middle School,27,0,7,34,77, 5:57,,33,0,5,38,89, 5:56,
10,,239,Middle School,10,05:56,3,26,0,12,38,71, 5:55,,CA,7,,10-0385,Middle School,28,0,6,34,82, 5:55,,33,0,5,38,86, 5:54,
11,,236,Middle School,11,05:51,3,28,0,10,38,76, 5:43,,CA,8,,10-1019,Middle School,26,0,8,34,76, 5:47,,31,0,7,38,84, 5:47,
12,,231,Middle School,12,05:45,3,29,0,9,38,77, 5:43,,VA,2,,10-0303,Middle School,23,0,11,34,67, 5:43,,33,0,5,38,87, 5:41,
13,,229,Middle School,13,05:55,3,29,0,9,38,78, 5:55,,CA,9,,10-4567,Middle School,25,0,9,34,76, 5:47,,28,0,10,38,75, 5:53,
14,,227,Middle School,14,05:48,3,25,0,13,38,71, 5:47,,VA,3,,10-3981,Middle School,26,0,8,34,77, 5:44,,30,0,8,38,79, 5:48,
15,,225,Middle School,15,05:46,3,25,0,13,38,69, 5:42,,CO,1,,10-0988,Middle School,27,0,7,34,79, 5:45,,29,0,9,38,77, 5:44,
16,,224,Middle School,16,05:57,3,25,0,13,38,70, 5:56,,CA,10,,10-0641,Middle School,26,0,8,34,78, 5:56,,29,0,9,38,76, 5:56,
17,,224,Middle School,17,05:56,3,26,0,12,38,68, 5:53,,CA,11,,10-2138,Middle School,26,0,8,34,76, 5:53,,30,0,8,38,80, 5:51,
18,,223,Middle School,18,05:57,3,27,0,11,38,72, 5:57,,VA,4,,10-4292,Middle School,25,0,9,34,73, 5:53,,29,0,9,38,78, 5:57,
19,,222,Middle School,19,06:00,3,26,0,12,38,68, 6:00,,CA,12,,10-2829,Middle School,24,0,10,34,69, 5:59,,32,0,6,38,85, 5:59,
20,,221,Middle School,20,05:53,3,31,0,7,38,84, 5:50,,TX,1,,10-3476,Middle School,23,0,11,34,68, 5:51,,26,0,12,38,69, 5:52,
21,,221,Middle School,21,05:54,3,26,0,12,38,72, 5:53,,CA,13,,10-4563,Middle School,20,0,14,34,60, 5:53,,33,0,5,38,89, 5:54,
22,,220,Middle School,22,05:39,3,28,0,10,38,76, 5:21,,CO,2,,10-0989,Middle School,27,0,7,34,79, 5:38,,25,0,13,38,65, 5:16,
23,,220,Middle School,23,05:57,3,23,0,15,38,65, 5:54,,MO,2,,10-0107,Middle School,27,0,7,34,81, 5:49,,26,0,12,38,74, 5:57,
24,,220,Middle School,24,05:53,3,25,0,13,38,71, 5:51,,CAN,1,,10-0750,Middle School,24,0,10,34,68, 5:50,,31,0,7,38,81, 5:53,
25,,217,Middle School,25,05:46,3,23,0,15,38,63, 5:45,,CA,14,,10-1176,Middle School,25,0,9,34,73, 5:40,,30,0,8,38,81, 5:42,
26,,217,Middle School,26,05:44,3,21,0,17,38,56, 5:33,,DE,1,,10-3782,Middle School,29,0,5,34,86, 5:36,,28,0,10,38,75, 5:44,
27,,216,Middle School,27,05:58,3,29,0,9,38,77, 5:57,,CA,15,,10-2979,Middle School,19,0,15,34,53, 5:58,,33,0,5,38,86, 5:56,
28,,213,Middle School,28,05:51,3,25,0,13,38,68, 5:49,,VA,5,,10-0172,Middle School,24,0,10,34,70, 5:50,,28,0,10,38,75, 5:48,
29,,211,Middle School,29,05:55,3,28,0,10,38,75, 5:46,,MO,3,,10-1537,Middle School,20,0,14,34,60, 5:55,,29,0,9,38,76, 5:43,
30,,211,Middle School,30,05:59,3,22,0,16,38,61, 5:56,,VA,6,,10-4547,Middle School,27,0,7,34,78, 5:53,,28,0,10,38,72, 5:56,
31,,211,Middle School,31,05:58,3,22,0,16,38,63, 5:54,,KS,1,,10-4198,Middle School,28,0,6,34,82, 5:56,,25,0,13,38,66, 5:58,
32,,210,Middle School,32,05:54,3,26,0,12,38,69, 5:52,,TX,2,,10-4861,Middle School,22,0,12,34,66, 5:54,,27,0,11,38,75, 5:52,
33,,208,Middle School,33,05:57,3,25,0,13,38,65, 5:56,,MO,4,,10-0490,Middle School,23,0,11,34,67, 5:53,,28,0,10,38,76, 5:54,
34,,206,Middle School,34,05:59,3,26,0,12,38,70, 5:58,,VA,7,,10-4483,Middle School,19,0,15,34,60, 5:53,,29,0,9,38,76, 5:55,
35,,205,Middle School,35,05:47,3,27,0,11,38,70, 5:47,,MO,5,,10-0108,Middle School,21,0,13,34,66, 5:39,,25,0,13,38,69, 5:40,
36,,205,Middle School,36,05:46,3,28,0,10,38,75, 5:46,,OH,1,,10-0143,Middle School,19,0,15,34,51, 5:36,,29,0,9,38,79, 5:38,
37,,204,Middle School,37,05:45,3,21,0,17,38,57, 5:37,,TX,3,,10-2161,Middle School,27,0,7,34,81, 5:44,,25,0,13,38,66, 5:44,
38,,203,Middle School,38,06:00,3,29,0,9,38,77, 5:59,,VA,8,,10-3724,Middle School,22,0,12,34,64, 5:56,,22,0,16,38,62, 5:56,
39,,201,Middle School,39,05:50,3,27,0,11,38,73, 5:49,,CO,3,,10-1798,Middle School,23,0,11,34,66, 5:45,,25,0,13,38,62, 5:42,
40,T,200,Middle School,40,06:04,3,24,0,14,38,66, 6:04,T,WA,2,,10-5710,Middle School,21,0,13,34,64, 5:38,,25,0,13,38,70, 5:56,
41,,199,Middle School,41,05:23,3,22,0,16,38,61, 4:52,,AL,1,,10-4046,Middle School,26,0,8,34,78, 5:20,,22,0,16,38,60, 3:51,
42,,199,Middle School,42,05:49,3,24,0,14,38,64, 5:27,,CA,16,,10-2129,Middle School,25,0,9,34,74, 5:31,,25,0,13,38,61, 5:48,
43,,199,Middle School,43,05:45,3,24,0,14,38,65, 5:26,,CO,4,,10-0991,Middle School,23,0,11,34,67, 5:43,,25,0,13,38,67, 5:43,
44,,198,Middle School,44,05:20,3,24,0,14,38,65, 5:16,,CO,5,,10-1159,Middle School,26,0,8,34,75, 4:44,,24,0,14,38,58, 5:20,
45,,198,Middle School,45,05:50,3,23,0,15,38,65, 5:49,,NV,1,,10-0721,Middle School,19,0,15,34,57, 5:50,,29,0,9,38,76, 5:50,
46,,198,Middle School,46,05:56,3,21,0,17,38,59, 5:54,,CA,17,,10-3085,Middle School,21,0,13,34,64, 5:47,,28,0,10,38,75, 5:52,
47,,198,Middle School,47,06:00,3,21,0,17,38,58, 5:31,,DE,2,,10-3783,Middle School,21,0,13,34,61, 5:59,,30,0,8,38,79, 5:27,
48,,196,Middle School,48,05:58,3,19,0,19,38,53, 5:56,,CO,6,,10-3329,Middle School,28,0,6,34,79, 5:54,,24,0,14,38,64, 5:53,
49,,195,Middle School,49,05:52,3,22,0,16,38,60, 5:24,,CO,7,,10-0025,Middle School,24,0,10,34,69, 4:53,,24,0,14,38,66, 5:52,
50,,194,Middle School,50,05:53,3,21,0,17,38,58, 5:45,,MD,1,,10-4107,Middle School,22,0,12,34,64, 5:50,,27,0,11,38,72, 5:43,
51,,194,Middle School,51,05:58,3,24,0,14,38,68, 5:54,,AL,2,,10-0528,Middle School,23,0,11,34,69, 5:28,,25,0,13,38,57, 5:58,
52,,194,Middle School,52,05:56,3,22,0,16,38,62, 5:54,,AZ,1,,10-2418,Middle School,20,0,14,34,61, 5:56,,27,0,11,38,71, 5:56,
53,,193,Middle School,53,05:44,3,21,0,17,38,59, 5:44,,VA,9,,10-0302,Middle School,16,0,18,34,49, 5:38,,32,0,6,38,85, 5:41,
54,,193,Middle School,54,05:56,3,20,0,18,38,56, 5:29,,MD,2,,10-1721,Middle School,24,0,10,34,68, 5:47,,26,0,12,38,69, 5:55,
55,,192,Middle School,55,05:56,3,22,0,16,38,61, 5:53,,KS,2,,10-5734,Middle School,23,0,11,34,64, 5:55,,23,0,15,38,67, 5:53,
56,,192,Middle School,56,05:52,3,25,0,13,38,70, 5:52,,OH,2,,10-5740,Middle School,20,0,14,34,58, 5:46,,24,0,14,38,64, 5:50,
57,,191,Middle School,57,05:41,3,23,0,15,38,61, 5:41,,CA,18,,10-5050,Middle School,17,0,17,34,54, 5:40,,28,0,10,38,76, 5:34,
58,,190,Middle School,58,05:29,3,21,0,17,38,59, 5:27,,GA,1,GBM,10-4396,Middle School,25,0,9,34,74, 5:29,,22,0,16,38,57, 5:28,
59,,190,Middle School,59,05:55,3,21,0,17,38,59, 5:49,,AL,3,,10-0529,Middle School,23,0,11,34,68, 5:52,,24,0,14,38,63, 5:54,
60,,190,Middle School,60,05:52,3,23,0,15,38,61, 5:46,,VA,10,,10-4059,Middle School,16,0,18,34,45, 5:44,,31,0,7,38,84, 5:51,
61,,190,Middle School,61,05:49,3,21,1,17,38,51, 5:49,,CO,8,,10-0990,Middle School,25,0,9,34,75, 5:45,,25,0,13,38,64, 5:42,
62,,190,Middle School,62,05:57,3,22,0,16,38,61, 5:55,,HI,1,,10-4971,Middle School,18,0,16,34,54, 5:57,,28,0,10,38,75, 5:55,
63,T,189,Middle School,63,06:02,3,18,0,20,38,51, 5:54,,HI,2,,10-3700,Middle School,26,0,8,34,78, 5:37,,23,0,15,38,60, 5:58,
64,,189,Middle School,64,05:58,3,25,0,13,38,64, 5:55,,WY,1,,10-1909,Middle School,22,0,12,34,63, 5:58,,24,0,14,38,62, 5:54,
65,,188,Middle School,65,05:54,3,20,0,18,38,53, 5:54,,CA,19,,10-1161,Middle School,19,0,15,34,56, 5:44,,30,0,8,38,79, 5:48,
66,,187,Middle School,66,05:04,3,24,0,14,38,64, 5:02,,UT,1,,10-4406,Middle School,20,0,14,34,59, 4:51,,23,0,15,38,64, 5:04,
67,,187,Middle School,67,05:56,3,21,0,17,38,58, 5:52,,TX,4,,10-2227,Middle School,22,0,12,34,62, 5:56,,25,0,13,38,67, 5:53,
68,M,186,Middle School,68,05:25,3,27,0,11,38,78, 5:25,M,TX,5,,10-1101,Middle School,20,0,14,34,64, 4:01,,16,0,22,38,44, 3:24,
69,,186,Middle School,69,05:51,3,22,0,16,38,59, 5:45,,FL,1,,10-3307,Middle School,20,0,14,34,59, 5:33,,25,0,13,38,68, 5:46,
70,,185,Middle School,70,05:42,3,24,0,14,38,64, 5:39,,TX,6,,10-1396,Middle School,20,0,14,34,63, 4:32,,21,0,17,38,58, 5:42,
71,,184,Middle School,71,05:54,3,21,0,17,38,59, 5:24,,CO,9,,10-0022,Middle School,24,0,10,34,69, 5:22,,21,0,17,38,56, 5:48,
72,,184,Middle School,72,05:40,3,13,0,25,38,32, 5:38,,CA,20,,10-3905,Middle School,28,0,6,34,82, 5:40,,25,0,13,38,70, 5:23,
73,,184,Middle School,73,06:00,3,25,0,13,38,67, 5:54,,GA,2,Tax Collectors,10-4784,Middle School,14,0,20,34,47, 6:00,,26,0,12,38,70, 5:59,
74,,183,Middle School,74,05:45,3,22,0,16,38,64, 5:40,,VA,11,,10-5489,Middle School,19,0,15,34,57, 2:16,,22,0,16,38,62, 5:44,
75,,183,Middle School,75,05:57,3,22,0,16,38,60, 5:54,,HI,3,,10-1808,Middle School,22,0,12,34,65, 5:37,,22,0,16,38,58, 5:51,
76,,182,Middle School,76,05:38,3,21,0,17,38,57, 5:38,,CO,10,,10-0987,Middle School,21,0,13,34,62, 5:37,,25,0,13,38,63, 5:37,
77,,181,Middle School,77,05:09,3,20,0,18,38,57, 5:08,,CO,11,,10-1163,Middle School,18,0,16,34,55, 5:08,,26,0,12,38,69, 5:04,
78,,181,Middle School,78,05:47,3,23,0,15,38,62, 5:45,,TX,7,,10-3735,Middle School,20,0,14,34,60, 5:45,,22,0,16,38,59, 5:46,
79,,181,Middle School,79,05:57,3,22,0,16,38,62, 5:56,,HI,4,,10-4684,Middle School,21,0,13,34,61, 5:57,,22,0,16,38,58, 5:57,
80,,180,Middle School,80,05:56,3,22,0,16,38,58, 4:52,,TX,8,,10-0915,Middle School,20,0,14,34,56, 5:54,,25,0,13,38,66, 5:56,
81,,180,Middle School,81,05:59,3,19,0,19,38,50, 5:58,,VA,12,,10-3720,Middle School,20,0,14,34,62, 5:59,,25,0,13,38,68, 5:59,
82,,180,Middle School,82,05:58,3,20,0,18,38,55, 5:57,,VA,13,,10-0173,Middle School,21,0,13,34,58, 5:58,,25,0,13,38,67, 5:58,
83,,179,Middle School,83,04:05,3,21,0,17,38,55, 4:04,,CO,12,,10-2312,Middle School,20,0,14,34,59, 4:05,,24,0,14,38,65, 4:04,
84,,179,Middle School,84,05:47,3,20,0,18,38,55, 5:46,,CA,21,,10-3904,Middle School,22,0,12,34,58, 5:46,,23,0,15,38,66, 5:46,
85,,178,Middle School,85,05:52,3,22,0,16,38,59, 5:44,,OH,3,,10-0947,Middle School,18,0,16,34,51, 5:47,,25,0,13,38,68, 5:45,
86,,177,Middle School,86,05:39,3,21,0,17,38,57, 5:38,,CA,22,,10-0800,Middle School,20,0,14,34,56, 5:34,,23,0,15,38,64, 5:39,
87,,177,Middle School,87,05:12,3,25,0,13,38,66, 5:06,,CAN,2,,10-0138,Middle School,15,0,19,34,38, 5:11,,27,0,11,38,73, 5:09,
88,,177,Middle School,88,05:48,3,19,0,19,38,55, 5:46,,VA,14,,10-0174,Middle School,20,0,14,34,61, 5:45,,24,0,14,38,61, 5:48,
89,,177,Middle School,89,05:57,3,20,0,18,38,54, 5:54,,CA,23,,10-0639,Middle School,17,0,17,34,53, 5:51,,25,0,13,38,70, 5:56,
90,,177,Middle School,90,05:50,3,23,0,15,38,63, 5:48,,CO,13,,10-3480,Middle School,16,0,18,34,46, 5:40,,25,0,13,38,68, 5:49,
91,,177,Middle School,91,05:45,3,18,0,20,38,50, 5:44,,VA,15,,10-5427,Middle School,21,0,13,34,62, 5:43,,24,0,14,38,65, 5:45,
92,,176,Middle School,92,05:50,3,21,0,17,38,60, 5:50,,TX,9,,10-1205,Middle School,19,0,15,34,59, 5:49,,21,0,17,38,57, 5:49,
93,T,176,Middle School,93,06:34,3,22,1,16,38,56, 5:53,,NV,2,,10-3021,Middle School,18,0,16,34,46, 6:28,T,27,0,11,38,74, 5:55,
94,,175,Middle School,94,05:44,3,25,0,13,38,65, 5:43,,TX,10,,10-2645,Middle School,14,0,20,34,39, 5:44,,26,0,12,38,71, 5:42,
95,,175,Middle School,95,05:55,3,24,0,14,38,65, 5:54,,CO,14,,10-3983,Middle School,21,0,13,34,60, 5:52,,23,0,15,38,50, 5:55,
96,,175,Middle School,96,05:59,3,19,0,19,38,54, 1:14,,VA,16,,10-4826,Middle School,16,0,18,34,50, 1:31,,26,0,12,38,71, 3:07,
97,,174,Middle School,97,05:36,3,24,1,14,38,61, 5:36,,CA,24,,10-0384,Middle School,17,0,17,34,46, 5:10,,25,0,13,38,67, 5:36,
98,,174,Middle School,98,05:51,3,19,1,19,38,50, 5:51,,NM,1,,10-3582,Middle School,20,0,14,34,54, 5:14,,26,0,12,38,70, 5:33,
99,,174,Middle School,99,05:46,3,19,0,19,38,49, 5:44,,VA,17,,10-5233,Middle School,22,0,12,34,64, 5:46,,22,0,16,38,61, 5:42,
100,,174,Middle School,100,05:58,3,22,0,16,38,62, 5:56,,AZ,2,,10-4865,Middle School,16,0,18,34,48, 5:55,,24,0,14,38,64, 5:55,
101,,173,Middle School,101,04:24,3,19,0,19,38,55, 4:19,,NJ,1,,10-0654,Middle School,20,0,14,34,58, 4:17,,22,0,16,38,60, 4:23,
102,T,173,Middle School,102,06:04,3,20,0,18,38,53, 6:01,T,GA,3,Users Unknown,10-4785,Middle School,20,0,14,34,58, 6:04,T,24,0,14,38,62, 6:00,
103,,172,Middle School,103,05:58,3,20,0,18,38,54, 5:51,,VA,18,,10-5394,Middle School,20,0,14,34,64, 5:58,,20,0,18,38,54, 4:32,
104,,172,Middle School,104,05:49,3,24,0,14,38,64, 5:49,,IL,1,,10-3180,Middle School,14,0,20,34,38, 5:17,,25,0,13,38,70, 5:45,
105,,172,Middle School,105,06:00,3,21,0,17,38,57, 5:59,,DEU,1,,10-5496,Middle School,23,0,11,34,68, 5:41,,18,0,20,38,47, 5:58,
106,,171,Middle School,106,03:41,3,20,1,18,38,50, 3:35,,TX,11,,10-1663,Middle School,25,0,9,34,73, 3:38,,21,1,17,38,48, 3:37,
107,,171,Middle School,107,04:42,3,20,0,18,38,57, 4:42,,AL,4,,10-0255,Middle School,20,0,14,34,54, 2:55,,22,0,16,38,60, 4:00,
108,,171,Middle School,108,05:53,3,21,0,17,38,56, 5:53,,NV,3,,10-2451,Middle School,17,0,17,34,51, 5:52,,26,0,12,38,64, 5:52,
109,,171,Middle School,109,05:53,3,21,1,17,38,49, 5:53,,AL,5,,10-2000,Middle School,24,0,10,34,69, 5:42,,20,0,18,38,53, 5:53,
110,,171,Middle School,110,05:46,3,19,0,19,38,51, 5:29,,CO,15,,10-1164,Middle School,23,0,11,34,64, 5:45,,20,0,18,38,56, 5:46,
111,,171,Middle School,111,05:53,3,19,0,19,38,55, 5:51,,TX,12,,10-2095,Middle School,16,0,18,34,44, 5:43,,26,0,12,38,72, 5:51,
112,,169,Middle School,112,05:51,3,19,0,19,38,56, 5:50,,CA,25,,10-1990,Middle School,19,0,15,34,56, 5:50,,23,0,15,38,57, 5:49,
113,,168,Middle School,113,05:40,3,20,0,18,38,53, 5:38,,TX,13,,10-0365,Middle School,18,0,16,34,47, 5:40,,26,0,12,38,68, 5:39,
114,,168,Middle School,114,05:58,3,22,0,16,38,60, 5:58,,NJ,2,,10-4009,Middle School,18,0,16,34,52, 5:49,,21,0,17,38,56, 5:43,
115,,167,Middle School,115,05:50,3,24,0,14,38,63, 5:41,,CA,26,,10-3903,Middle School,16,0,18,34,44, 5:48,,23,0,15,38,60, 5:45,
116,,167,Middle School,116,05:47,3,24,0,14,38,65, 5:46,,RI,1,,10-3534,Middle School,11,0,23,34,36, 5:42,,23,0,15,38,66, 5:11,
117,,167,Middle School,117,05:49,3,20,1,18,38,53, 5:30,,CA,27,,10-2160,Middle School,13,0,21,34,45, 5:30,,26,0,12,38,69, 5:48,
118,T,167,Middle School,118,06:02,3,22,0,16,38,57, 6:02,T,SD,1,,10-0834,Middle School,16,0,18,34,52, 5:58,,21,0,17,38,58, 5:50,
119,,166,Middle School,119,05:31,3,17,0,21,38,49, 5:30,,CA,28,,10-0387,Middle School,22,0,12,34,65, 5:11,,19,0,19,38,52, 5:28,
120,,166,Middle School,120,05:47,3,21,0,17,38,57, 5:37,,AL,6,,10-3200,Middle School,15,0,19,34,51, 5:37,,21,0,17,38,58, 5:45,
121,,166,Middle School,121,05:49,3,20,0,18,38,50, 5:47,,VA,19,,10-0175,Middle School,23,0,11,34,65, 5:47,,21,0,17,38,51, 5:49,
122,,166,Middle School,122,05:55,3,18,0,20,38,50, 5:22,,CA,29,,10-5062,Middle School,21,0,13,34,60, 5:54,,21,0,17,38,56, 5:48,
123,,166,Middle School,123,05:46,3,23,0,15,38,49, 5:39,,CO,16,,10-2809,Middle School,13,0,21,34,38, 5:46,,30,0,8,38,79, 5:42,
124,,165,Middle School,124,05:59,3,17,0,21,38,49, 5:59,,CA,30,,10-0640,Middle School,22,0,12,34,66, 5:57,,20,0,18,38,50, 5:56,
125,,164,Middle School,125,03:42,3,19,0,19,38,51, 3:32,,VA,20,,10-3998,Middle School,17,0,17,34,46, 3:39,,25,0,13,38,67, 3:25,
126,,164,Middle School,126,05:49,3,24,0,14,38,66, 2:56,,HI,5,,10-4429,Middle School,14,0,20,34,38, 5:48,,23,0,15,38,60, 3:06,
127,,163,Middle School,127,05:35,3,20,0,18,38,54, 5:31,,VA,21,,10-5440,Middle School,17,0,17,34,55, 5:29,,19,0,19,38,54, 5:26,
128,,163,Middle School,128,05:48,3,15,0,23,38,45, 5:31,,RI,2,,10-5590,Middle School,23,0,11,34,64, 5:33,,18,0,20,38,54, 5:42,
129,,162,Middle School,129,05:53,3,19,0,19,38,51, 5:52,,MN,1,,10-1773,Middle School,25,0,9,34,71, 5:53,,17,0,21,38,40, 5:51,
130,,162,Middle School,130,05:24,3,21,0,17,38,60, 5:23,,OK,1,,10-0106,Middle School,16,0,18,34,46, 5:24,,21,0,17,38,56, 5:23,
131,,162,Middle School,131,05:57,3,21,0,17,38,57, 5:56,,VA,22,,10-0176,Middle School,19,0,15,34,55, 5:57,,18,0,20,38,50, 5:56,
132,,160,Middle School,132,05:52,3,19,0,19,38,51, 5:51,,TX,14,,10-3811,Middle School,21,0,13,34,58, 5:51,,19,0,19,38,51, 5:51,
133,,159,Middle School,133,05:54,3,23,0,15,38,63, 5:51,,TX,15,,10-2793,Middle School,12,0,22,34,32, 5:51,,25,0,13,38,64, 5:54,
134,,159,Middle School,134,05:51,3,25,0,13,38,66, 5:50,,LA,1,,10-0430,Middle School,9,0,25,34,23, 5:04,,26,0,12,38,70, 5:51,
135,,159,Middle School,135,06:00,3,18,0,20,38,45, 5:57,,CA,31,,10-0798,Middle School,18,0,16,34,53, 5:26,,21,0,17,38,61, 6:00,
136,,159,Middle School,136,05:52,3,16,0,22,38,43, 5:49,,CA,32,,10-0355,Middle School,16,0,18,34,52, 5:52,,24,0,14,38,64, 5:44,
137,,158,Middle School,137,05:47,3,20,0,18,38,57, 5:46,,NV,4,,10-0722,Middle School,18,0,16,34,54, 5:46,,21,0,17,38,47, 5:43,
138,,158,Middle School,138,05:47,3,20,0,18,38,55, 5:13,,CA,33,,10-2464,Middle School,18,0,16,34,50, 5:38,,23,0,15,38,53, 5:09,
139,,157,Middle School,139,05:04,3,15,0,23,38,41, 3:53,,NC,1,,10-0293,Middle School,16,0,18,34,49, 5:02,,24,0,14,38,67, 5:02,
140,,157,Middle School,140,05:36,3,16,0,22,38,47, 5:34,,WA,3,,10-5078,Middle School,19,0,15,34,58, 5:35,,16,0,22,38,52, 5:36,
141,,157,Middle School,141,05:39,3,22,0,16,38,62, 5:39,,CA,34,,10-4581,Middle School,11,0,23,34,28, 5:36,,27,0,11,38,67, 5:33,
142,,157,Middle School,142,05:46,3,20,0,18,38,53, 5:46,,CA,35,,10-1020,Middle School,15,0,19,34,38, 5:43,,24,0,14,38,66, 5:40,
143,,156,Middle School,143,05:52,3,19,0,19,38,44, 5:44,,CO,17,,10-0414,Middle School,19,0,15,34,51, 5:51,,22,0,16,38,61, 5:52,
144,,156,Middle School,144,05:54,3,18,0,20,38,51, 5:54,,GA,4,GBM,10-3464,Middle School,13,0,21,34,36, 5:47,,26,0,12,38,69, 5:52,
145,,155,Middle School,145,05:50,3,19,0,19,38,53, 5:48,,GA,5,,10-4758,Middle School,16,0,18,34,44, 5:49,,22,0,16,38,58, 5:50,
146,,155,Middle School,146,06:00,3,14,0,24,38,42, 5:59,,AL,7,,10-0532,Middle School,19,0,15,34,55, 5:54,,22,0,16,38,58, 6:00,
147,,153,Middle School,147,05:09,3,18,0,20,38,41, 5:04,,FL,2,,10-2067,Middle School,17,0,17,34,50, 5:04,,24,0,14,38,62, 5:07,
148,,153,Middle School,148,05:57,3,17,0,21,38,45, 5:52,,FL,3,,10-0483,Middle School,19,0,15,34,52, 5:57,,21,0,17,38,56, 5:43,
149,,152,Middle School,149,05:09,3,20,0,18,38,58, 4:59,,RI,3,,10-3931,Middle School,11,0,23,34,31, 5:04,,23,0,15,38,63, 5:08,
150,,152,Middle School,150,05:47,3,19,0,19,38,51, 5:46,,VA,23,,10-5424,Middle School,15,0,19,34,46, 5:47,,20,0,18,38,55, 5:47,
151,T,152,Middle School,151,06:04,3,19,1,19,38,39, 5:41,,RI,4,,10-3565,Middle School,14,0,20,34,44, 5:33,,27,0,11,38,69, 5:55,
152,,151,Middle School,152,05:50,3,20,0,18,38,54, 5:45,,CO,18,,10-1103,Middle School,18,0,16,34,53, 5:13,,20,0,18,38,44, 5:36,
153,,151,Middle School,153,05:59,3,16,1,22,38,40, 5:58,,MO,6,,10-0524,Middle School,22,0,12,34,64, 5:50,,20,0,18,38,47, 5:59,
154,,151,Middle School,154,05:51,3,29,1,9,38,70, 5:51,,TX,16,,10-2649,Middle School,7,0,27,34,23, 5:45,,21,1,17,38,58, 5:50,
155,,151,Middle School,155,05:37,3,18,0,20,38,52, 4:13,,CA,36,,10-4259,Middle School,18,0,16,34,50, 5:35,,18,0,20,38,49, 5:37,
156,T,151,Middle School,156,06:02,3,14,2,24,38,25, 6:00,,NV,5,,10-2084,Middle School,20,0,14,34,59, 5:44,,27,0,11,38,67, 6:02,T
157,T,151,Middle School,157,06:20,3,25,0,13,38,63, 5:53,,AL,8,,10-2139,Middle School,13,0,21,34,40, 5:57,,16,0,22,38,48, 6:20,T
158,,150,Middle School,158,05:52,3,21,0,17,38,57, 5:51,,TX,17,,10-2791,Middle School,10,0,24,34,30, 5:52,,24,0,14,38,63, 5:52,
159,,149,Middle School,159,05:56,3,12,0,26,38,33, 5:55,,CA,37,,10-4596,Middle School,17,0,17,34,51, 5:42,,24,0,14,38,65, 5:51,
160,,149,Middle School,160,05:53,3,18,0,20,38,49, 5:53,,NV,6,,10-0723,Middle School,16,0,18,34,43, 5:49,,21,0,17,38,57, 5:52,
161,,148,Middle School,161,05:45,3,19,1,19,38,47, 5:39,,LA,2,,10-3368,Middle School,17,0,17,34,47, 5:41,,20,0,18,38,54, 5:39,
162,,148,Middle School,162,05:56,3,17,0,21,38,47, 5:53,,CA,38,,10-2544,Middle School,12,0,22,34,35, 5:52,,25,0,13,38,66, 5:56,
163,,147,Middle School,163,05:54,3,20,0,18,38,53, 5:12,,CA,39,,10-4973,Middle School,11,0,23,34,32, 5:52,,22,0,16,38,62, 5:50,
164,,146,Middle School,164,05:24,3,19,0,19,38,53, 5:18,,CO,19,,10-1799,Middle School,16,0,18,34,46, 5:20,,19,0,19,38,47, 5:22,
165,,146,Middle School,165,05:53,3,16,1,22,38,45, 5:07,,VA,24,,10-4746,Middle School,15,0,19,34,46, 5:52,,19,0,19,38,55, 5:41,
166,,146,Middle School,166,05:45,3,16,0,22,38,47, 5:27,,PA,1,,10-1857,Middle School,13,0,21,34,42, 5:34,,21,0,17,38,57, 5:07,
167,,146,Middle School,167,05:53,3,16,0,22,38,47, 1:17,,CT,1,,10-1368,Middle School,14,0,20,34,38, 1:46,,23,0,15,38,61, 2:25,
168,,146,Middle School,168,05:57,3,15,0,23,38,47, 5:57,,FL,4,,10-2152,Middle School,18,0,16,34,56, 5:57,,16,0,22,38,43, 5:57,
169,,145,Middle School,169,04:58,3,16,0,22,38,48, 4:57,,CO,20,,10-1165,Middle School,16,0,18,34,42, 4:57,,23,0,15,38,55, 4:44,
170,,144,Middle School,170,05:42,3,19,0,19,38,53, 5:36,,CA,40,,10-1450,Middle School,13,1,21,34,31, 4:34,,22,0,16,38,60, 5:30,
171,,144,Middle School,171,05:29,3,23,0,15,38,57, 4:53,,CA,41,,10-4568,Middle School,13,0,21,34,32, 5:27,,23,0,15,38,55, 5:29,
172,,144,Middle School,172,05:55,3,14,0,24,38,38, 5:55,,HI,6,,10-4430,Middle School,24,0,10,34,67, 5:48,,16,0,22,38,39, 5:42,
173,,144,Middle School,173,05:39,3,24,0,14,38,57, 5:36,,CA,42,,10-2466,Middle School,12,0,22,34,34, 5:39,,22,0,16,38,53, 5:37,
174,,144,Middle School,174,05:56,3,17,0,21,38,49, 5:55,,AZ,3,,10-2159,Middle School,13,0,21,34,45, 5:56,,19,0,19,38,50, 5:56,
175,,141,Middle School,175,04:47,3,20,0,18,38,56, 4:13,,MI,1,,10-4388,Middle School,17,0,17,34,50, 4:23,,12,0,26,38,35, 4:41,
176,,141,Middle School,176,06:00,3,14,1,24,38,27, 5:59,,VA,25,,10-3650,Middle School,19,0,15,34,54, 5:57,,23,0,15,38,60, 5:57,
177,,140,Middle School,177,04:52,3,18,0,20,38,45, 4:52,,GA,6,HMS,10-3421,Middle School,13,0,21,34,32, 4:52,,24,0,14,38,63, 4:52,
178,T,140,Middle School,178,06:06,3,13,0,25,38,27, 5:59,,CA,43,,10-0386,Middle School,20,0,14,34,57, 5:59,,22,0,16,38,56, 5:55,
179,,140,Middle School,179,05:48,3,14,0,24,38,45, 5:41,,CO,21,,10-1797,Middle School,14,0,20,34,38, 5:48,,22,0,16,38,57, 5:40,
180,T,140,Middle School,180,06:03,3,23,0,15,38,61, 6:03,T,TX,18,,10-2635,Middle School,14,0,20,34,40, 5:57,,16,0,22,38,39, 6:03,T
181,,139,Middle School,181,05:55,3,17,0,21,38,33, 5:49,,AZ,4,,10-2062,Middle School,20,0,14,34,53, 5:55,,23,0,15,38,53, 5:49,
182,,139,Middle School,182,05:54,3,17,0,21,38,50, 5:26,,CAN,3,,10-5269,Middle School,14,0,20,34,34, 4:20,,22,0,16,38,55, 5:54,
183,,139,Middle School,183,06:00,3,17,0,21,38,48, 6:00,,TX,19,,10-2637,Middle School,14,0,20,34,37, 5:47,,23,0,15,38,54, 5:43,
184,,138,Middle School,184,05:56,3,20,0,18,38,47, 5:46,,MO,7,,10-0489,Middle School,7,0,27,34,25, 5:48,,24,0,14,38,66, 5:56,
185,,137,Middle School,185,05:53,3,18,1,20,38,46, 5:46,,CA,44,,10-2023,Middle School,13,0,21,34,38, 5:53,,22,0,16,38,53, 5:43,
186,,137,Middle School,186,05:49,3,12,0,26,38,24, 5:48,,CA,45,,10-5048,Middle School,24,0,10,34,72, 5:49,,18,0,20,38,41, 5:48,
187,,137,Middle School,187,05:58,3,16,0,22,38,45, 1:16,,VA,26,,10-4524,Middle School,15,0,19,34,44, 2:20,,17,0,21,38,48, 2:16,
188,,136,Middle School,188,05:45,3,14,0,24,38,43, 4:38,,CO,22,,10-0018,Middle School,12,0,22,34,37, 5:38,,20,0,18,38,56, 1:00,
189,,136,Middle School,189,05:54,3,18,0,20,38,44, 5:52,,RI,5,,10-0325,Middle School,11,0,23,34,29, 2:08,,24,0,14,38,63, 5:53,
190,,136,Middle School,190,05:58,3,17,0,21,38,49, 5:57,,HI,7,,10-2347,Middle School,15,0,19,34,39, 5:58,,17,0,21,38,48, 5:53,
191,,135,Middle School,191,03:36,3,18,0,20,38,52, 3:36,,LA,3,,10-2539,Middle School,19,0,15,34,57, 3:29,,13,0,25,38,26, 3:30,
192,,135,Middle School,192,05:08,3,22,0,16,38,51, 5:04,,CA,46,,10-2462,Middle School,8,0,26,34,22, 5:02,,24,0,14,38,62, 5:08,
193,,135,Middle School,193,04:38,3,19,0,19,38,56, 4:38,,NJ,3,,10-0662,Middle School,11,0,23,34,30, 4:18,,17,0,21,38,49, 4:17,
194,,135,Middle School,194,05:37,3,16,0,22,38,46, 5:30,,CA,47,,10-3160,Middle School,11,0,23,34,26, 5:37,,27,0,11,38,63, 5:31,
195,,135,Middle School,195,05:25,3,18,0,20,38,47, 5:00,,GA,7,GBM,10-4398,Middle School,16,0,18,34,42, 4:42,,19,0,19,38,46, 5:22,
196,,135,Middle School,196,05:15,3,25,0,13,38,65, 5:12,,CA,48,,10-2465,Middle School,11,0,23,34,29, 5:12,,18,0,20,38,41, 5:05,
197,,135,Middle School,197,05:50,3,17,0,21,38,46, 5:49,,SC,1,,10-1025,Middle School,17,0,17,34,49, 5:46,,16,0,22,38,40, 5:42,
198,,134,Middle School,198,05:54,3,20,0,18,38,46, 5:52,,UT,2,,10-5492,Middle School,11,0,23,34,27, 5:53,,25,0,13,38,61, 5:54,
199,,134,Middle School,199,05:04,3,15,0,23,38,38, 4:45,,TX,20,,10-2058,Middle School,17,0,17,34,47, 2:03,,19,0,19,38,49, 3:22,
200,,134,Middle School,200,05:53,3,15,0,23,38,46, 5:50,,NC,2,,10-3517,Middle School,14,0,20,34,48, 5:53,,15,0,23,38,40, 5:46,
201,,133,Middle School,201,05:43,3,22,0,16,38,58, 5:43,,CA,49,,10-0804,Middle School,15,0,19,34,41, 5:42,,15,0,23,38,34, 5:41,
202,,133,Middle School,202,05:57,3,19,0,19,38,50, 2:07,,KY,1,,10-1265,Middle School,12,0,22,34,37, 2:00,,20,0,18,38,46, 1:42,
203,T,132,Middle School,203,06:01,3,18,2,20,38,40, 6:01,T,GA,8,,10-0514,Middle School,12,1,22,34,35, 5:57,,20,0,18,38,57, 5:58,
204,,131,Middle School,204,04:55,3,17,0,21,38,42, 4:46,,CO,23,,10-2311,Middle School,15,0,19,34,41, 4:41,,21,0,17,38,48, 4:53,
205,,131,Middle School,205,05:22,3,15,0,23,38,44, 5:07,,LA,4,,10-2194,Middle School,15,0,19,34,40, 5:19,,17,0,21,38,47, 5:09,
206,,130,Middle School,206,05:49,3,21,0,17,38,58, 5:32,,CA,50,,10-1448,Middle School,10,0,24,34,23, 5:46,,18,0,20,38,49, 5:40,
207,,130,Middle School,207,05:07,3,21,0,17,38,56, 5:05,,UT,3,,10-4329,Middle School,12,0,22,34,29, 5:06,,16,1,22,38,45, 5:05,
208,,130,Middle School,208,05:34,3,17,0,21,38,47, 5:32,,TX,21,,10-3912,Middle School,16,0,18,34,42, 5:33,,17,0,21,38,41, 5:33,
209,,130,Middle School,209,05:54,3,16,0,22,38,39, 5:53,,LA,5,,10-2721,Middle School,13,0,21,34,37, 5:54,,21,0,17,38,54, 5:53,
210,,130,Middle School,210,05:49,3,14,0,24,38,28, 5:48,,CA,51,,10-3906,Middle School,16,0,18,34,42, 5:49,,21,0,17,38,60, 5:48,
211,,129,Middle School,211,05:23,3,17,0,21,38,38, 4:40,,GA,9,,10-4761,Middle School,21,0,13,34,61, 5:23,,16,0,22,38,30, 4:56,
212,,129,Middle School,212,05:54,3,18,0,20,38,49, 5:52,,CO,24,,10-1162,Middle School,12,0,22,34,32, 5:53,,19,0,19,38,48, 5:52,
213,,129,Middle School,213,05:53,3,16,0,22,38,45, 5:48,,SC,2,,10-5023,Middle School,13,0,21,34,34, 5:53,,18,0,20,38,50, 5:48,
214,,129,Middle School,214,05:50,3,18,0,20,38,42, 5:47,,CA,52,,10-1024,Middle School,13,0,21,34,38, 5:50,,24,1,14,38,49, 5:47,
215,,129,Middle School,215,05:49,3,15,1,23,38,40, 5:44,,CA,53,,10-0352,Middle School,17,1,17,34,45, 5:49,,17,0,21,38,44, 5:40,
216,,129,Middle School,216,05:57,3,16,1,22,38,41, 5:50,,GA,10,LMS,10-4600,Middle School,13,1,21,34,35, 5:26,,18,0,20,38,53, 5:56,
217,,128,Middle School,217,05:55,3,13,0,25,38,42, 3:07,,AR,1,,10-4341,Middle School,11,0,23,34,32, 2:07,,19,0,19,38,54, 4:43,
218,,127,Middle School,218,04:17,3,12,0,26,38,36, 4:16,,IL,2,,10-1954,Middle School,16,0,18,34,46, 4:09,,18,0,20,38,45, 4:15,
219,T,127,Middle School,219,06:01,3,17,0,21,38,51, 6:01,T,GA,11,LMS,10-4602,Middle School,11,0,23,34,31, 5:59,,18,0,20,38,45, 5:47,
220,,127,Middle School,220,05:50,3,15,0,23,38,47, 5:43,,AR,2,,10-2939,Middle School,13,0,21,34,34, 4:31,,17,0,21,38,46, 4:00,
221,,126,Middle School,221,05:11,3,7,0,31,38,29, 5:01,,MD,3,,10-5212,Middle School,13,0,21,34,33, 5:01,,24,0,14,38,64, 4:37,
222,,126,Middle School,222,05:33,3,13,0,25,38,33, 1:20,,IL,3,,10-4818,Middle School,16,0,18,34,47, 2:03,,16,0,22,38,46, 2:04,
223,T,126,Middle School,223,06:05,3,13,0,25,38,30, 6:04,T,MO,8,,10-0525,Middle School,15,0,19,34,42, 6:05,T,20,0,18,38,54, 5:56,
224,,126,Middle School,224,05:56,3,13,0,25,38,43, 5:55,,VA,27,,10-0710,Middle School,11,0,23,34,36, 5:56,,17,0,21,38,47, 5:54,
225,,126,Middle School,225,05:57,3,12,2,26,38,20, 3:14,,MI,2,,10-4732,Middle School,11,0,23,34,29, 2:40,,28,0,10,38,77, 5:54,
226,,125,Middle School,226,05:25,3,16,0,22,38,31, 5:25,,CA,54,,10-1559,Middle School,19,0,15,34,55, 5:22,,18,0,20,38,39, 5:19,
227,,125,Middle School,227,05:50,3,16,1,22,38,43, 5:26,,NC,3,,10-3516,Middle School,13,0,21,34,45, 5:48,,15,0,23,38,37, 5:46,
228,,124,Middle School,228,05:53,3,18,0,20,38,44, 5:47,,CA,55,,10-3924,Middle School,14,0,20,34,37, 5:43,,15,0,23,38,43, 5:45,
229,,123,Middle School,229,05:24,3,14,0,24,38,41, 5:24,,TX,22,,10-3262,Middle School,12,0,22,34,31, 5:22,,18,0,20,38,51, 5:23,
230,,123,Middle School,230,05:01,3,16,1,22,38,42, 5:01,,GA,12,GTM,10-2996,Middle School,11,0,23,34,33, 4:59,,18,0,20,38,48, 4:59,
231,,123,Middle School,231,05:15,3,15,0,23,38,42, 5:08,,KS,3,,10-0168,Middle School,14,0,20,34,38, 5:11,,17,0,21,38,43, 5:15,
232,T,123,Middle School,232,06:01,3,13,0,25,38,28, 5:52,,NJ,4,,10-3921,Middle School,16,0,18,34,41, 5:57,,22,0,16,38,54, 5:53,
233,,123,Middle School,233,05:52,3,15,0,23,38,39, 5:50,,UT,4,,10-5486,Middle School,11,0,23,34,28, 5:52,,22,0,16,38,56, 5:51,
234,,122,Middle School,234,05:50,3,17,0,21,38,51, 5:49,,OH,4,,10-3647,Middle School,11,0,23,34,32, 5:44,,14,0,24,38,39, 5:43,
235,,122,Middle School,235,05:59,3,13,0,25,38,23, 5:54,,HI,8,,10-4969,Middle School,19,0,15,34,55, 5:54,,20,0,18,38,44, 5:56,
236,,121,Middle School,236,05:51,3,14,0,24,38,35, 5:45,,KS,4,,10-1994,Middle School,12,0,22,34,35, 5:50,,18,0,20,38,51, 5:48,
237,,121,Middle School,237,05:57,3,15,0,23,38,42, 5:53,,TX,23,,10-3449,Middle School,13,0,21,34,36, 5:50,,18,0,20,38,43, 5:49,
238,,121,Middle School,238,05:42,3,15,0,23,38,43, 5:40,,SC,3,,10-0466,Middle School,15,0,19,34,37, 5:42,,14,0,24,38,41, 5:40,
239,,120,Middle School,239,05:32,3,6,0,32,38,24, 5:28,,MD,4,,10-5210,Middle School,14,0,20,34,45, 5:32,,18,0,20,38,51, 5:28,
240,,120,Middle School,240,05:07,3,13,0,25,38,39, 4:09,,PA,2,,10-0901,Middle School,14,0,20,34,36, 4:40,,16,0,22,38,45, 5:07,
241,,120,Middle School,241,05:57,3,15,0,23,38,40, 5:56,,TX,24,,10-2633,Middle School,7,0,27,34,19, 5:31,,24,0,14,38,61, 5:43,
242,,120,Middle School,242,05:58,3,17,1,21,38,46, 5:12,,NV,7,,10-3022,Middle School,9,0,25,34,29, 4:53,,19,0,19,38,45, 5:58,
243,,119,Middle School,243,05:01,3,24,1,14,38,60, 5:01,,RI,6,,10-3937,Middle School,7,1,27,34,14, 4:47,,17,0,21,38,45, 4:57,
244,,119,Middle School,244,05:13,3,13,0,25,38,38, 5:13,,AL,9,,10-0262,Middle School,12,0,22,34,38, 5:10,,13,0,25,38,43, 5:11,
245,,118,Middle School,245,04:29,3,12,0,26,38,36, 4:23,,AL,10,,10-0251,Middle School,15,0,19,34,45, 4:29,,13,0,25,38,37, 4:29,
246,,118,Middle School,246,05:08,3,11,1,27,38,18, 4:59,,CO,25,,10-2628,Middle School,17,0,17,34,48, 5:08,,19,0,19,38,52, 5:04,
247,,118,Middle School,247,05:35,3,18,0,20,38,48, 5:34,,TX,25,,10-3900,Middle School,11,1,23,34,24, 5:34,,18,0,20,38,46, 5:34,
248,,118,Middle School,248,05:53,3,17,0,21,38,35, 5:50,,MO,9,,10-1536,Middle School,8,0,26,34,29, 5:53,,19,0,19,38,54, 5:25,
249,,118,Middle School,249,05:45,3,18,0,20,38,51, 5:44,,IN,1,,10-0134,Middle School,9,0,25,34,23, 4:20,,16,0,22,38,44, 5:45,
250,,116,Middle School,250,04:24,3,12,0,26,38,27, 4:18,,CO,26,,10-2313,Middle School,14,1,20,34,36, 4:02,,20,0,18,38,53, 4:23,
251,,116,Middle School,251,05:29,3,15,0,23,38,37, 5:27,,CA,56,,10-2053,Middle School,12,0,22,34,27, 5:17,,19,0,19,38,52, 5:26,
252,,115,Middle School,252,05:09,3,16,0,22,38,48, 5:05,,HI,9,,10-4682,Middle School,7,1,27,34,16, 5:07,,16,0,22,38,51, 5:03,
253,,114,Middle School,253,03:46,3,13,0,25,38,28, 3:38,,LA,6,,10-2540,Middle School,15,0,19,34,39, 3:35,,20,0,18,38,47, 3:16,
254,,113,Middle School,254,05:44,3,6,0,32,38,10, 4:40,,CO,27,,10-1848,Middle School,15,0,19,34,47, 5:42,,23,0,15,38,56, 4:24,
255,,113,Middle School,255,05:49,3,11,0,27,38,29, 5:43,,CA,57,,10-5302,Middle School,13,0,21,34,34, 5:42,,18,0,20,38,50, 5:30,
256,T,113,Middle School,256,06:01,3,12,0,26,38,37, 6:00,,CA,58,,10-3747,Middle School,12,1,22,34,32, 5:31,,16,0,22,38,44, 5:34,
257,T,113,Middle School,257,06:06,3,15,0,23,38,30, 5:53,,AL,11,,10-0530,Middle School,14,0,20,34,40, 6:03,T,18,0,20,38,43, 5:56,
258,M,112,Middle School,258,05:54,3,12,0,26,38,29, 5:53,,CA,59,,10-1560,Middle School,12,0,22,34,33, 5:54,,19,0,19,38,50, 5:42,M
259,,112,Middle School,259,05:56,2,18,2,20,38,42, 5:37,,MI,3,,10-1816,Middle School,,,,0,,,,26,0,12,38,70, 5:43,
260,T,112,Middle School,260,262:33:00,3,21,0,17,38,56, 4:29,,MD,5,,10-3371,Middle School,4,0,30,34,9, 4:30,,18,0,20,38,47,262:33:00,T
261,,111,Middle School,261,04:37,3,16,0,22,38,46, 1:24,,RI,7,,10-5370,Middle School,12,0,22,34,31, 2:13,,16,0,22,38,34, 0:52,
262,,111,Middle School,262,05:59,3,15,0,23,38,45, 5:57,,AL,12,,10-0531,Middle School,11,0,23,34,28, 5:58,,17,0,21,38,38, 5:54,
263,,111,Middle School,263,05:59,3,17,0,21,38,37, 5:59,,HI,10,,10-4962,Middle School,11,0,23,34,29, 5:56,,21,0,17,38,45, 5:58,
264,,110,Middle School,264,05:57,3,13,0,25,38,32, 5:56,,FL,5,,10-0484,Middle School,15,0,19,34,43, 5:54,,16,0,22,38,35, 5:57,
265,,110,Middle School,265,05:40,3,11,0,27,38,24, 5:34,,TX,26,,10-3970,Middle School,15,1,19,34,42, 5:27,,19,0,19,38,44, 5:40,
266,,110,Middle School,266,05:49,3,15,0,23,38,34, 5:45,,SC,4,,10-5025,Middle School,11,0,23,34,29, 5:49,,18,0,20,38,47, 5:47,
267,,109,Middle School,267,05:58,3,14,0,24,38,29, 5:53,,CA,60,,10-2980,Middle School,11,0,23,34,27, 5:52,,19,0,19,38,53, 5:58,
268,,109,Middle School,268,04:38,3,11,0,27,38,35, 4:37,,GA,13,SIMS,10-4310,Middle School,13,0,21,34,36, 4:37,,13,0,25,38,38, 4:38,
269,,108,Middle School,269,05:09,3,16,0,22,38,34, 5:08,,OH,5,,10-0948,Middle School,5,0,29,34,11, 5:09,,23,0,15,38,63, 5:06,
270,,108,Middle School,270,06:00,3,12,0,26,38,34, 5:51,,AL,13,,10-2378,Middle School,16,0,18,34,43, 5:56,,14,0,24,38,31, 5:55,
271,,107,Middle School,271,04:15,3,18,0,20,38,50, 4:06,,LA,7,,10-2722,Middle School,11,0,23,34,25, 4:15,,15,0,23,38,32, 4:06,
272,,107,Middle School,272,05:12,3,10,0,28,38,25, 5:11,,SC,5,,10-4781,Middle School,14,0,20,34,34, 5:12,,18,0,20,38,48, 5:09,
273,,107,Middle School,273,05:53,3,12,0,26,38,28, 5:52,,TX,27,,10-3739,Middle School,8,0,26,34,27, 5:52,,19,0,19,38,52, 5:48,
274,,106,Middle School,274,03:20,3,13,1,25,38,36, 3:15,,HI,11,,10-3967,Middle School,8,0,26,34,35, 3:13,,16,3,22,38,35, 3:03,
275,,106,Middle School,275,05:33,3,17,0,21,38,47, 5:32,,TX,28,,10-3911,Middle School,10,0,24,34,27, 5:26,,13,0,25,38,32, 5:33,
276,,106,Middle School,276,05:44,3,17,0,21,38,45, 5:43,,CO,28,,10-1329,Middle School,10,0,24,34,24, 5:40,,15,0,23,38,37, 5:44,
277,,106,Middle School,277,05:54,3,15,0,23,38,30, 5:47,,CA,61,,10-2745,Middle School,13,1,21,34,30, 5:52,,19,0,19,38,46, 5:46,
278,,106,Middle School,278,05:55,3,15,0,23,38,38, 5:52,,VA,28,,10-3835,Middle School,14,0,20,34,44, 5:55,,13,1,25,38,24, 5:55,
279,,104,Middle School,279,04:39,3,15,0,23,38,35, 4:36,,GA,14,SIMS,10-4309,Middle School,14,0,20,34,36, 4:38,,14,0,24,38,33, 4:35,
280,,103,Middle School,280,05:24,3,10,1,28,38,23, 1:15,,CA,62,,10-0269,Middle School,8,0,26,34,17, 2:24,,24,0,14,38,63, 5:24,
281,,103,Middle School,281,05:53,3,12,1,26,38,32, 5:39,,HI,12,,10-4432,Middle School,13,0,21,34,37, 5:53,,12,0,26,38,34, 2:56,
282,T,103,Middle School,282,06:01,3,12,1,26,38,28, 0:30,,PA,3,,10-1410,Middle School,10,0,24,34,31, 5:28,,18,0,20,38,44, 3:40,
283,,102,Middle School,283,05:20,3,10,0,28,38,26, 4:58,,GA,15,,10-4763,Middle School,14,0,20,34,34, 5:20,,13,0,25,38,42, 5:17,
284,,102,Middle School,284,05:50,3,16,1,22,38,27, 5:45,,IL,4,,10-0207,Middle School,14,0,20,34,37, 5:27,,20,0,18,38,38, 5:49,
285,,102,Middle School,285,05:55,3,14,0,24,38,40, 5:49,,MO,10,,10-2279,Middle School,10,2,24,34,25, 5:50,,15,0,23,38,37, 5:55,
286,,102,Middle School,286,05:47,3,13,0,25,38,31, 5:45,,CA,63,,10-4729,Middle School,4,0,30,34,13, 5:34,,22,0,16,38,58, 5:45,
287,,101,Middle School,287,05:18,3,9,0,29,38,26, 5:18,,GA,16,GTM,10-2995,Middle School,8,0,26,34,23, 5:07,,19,0,19,38,52, 5:07,
288,,101,Middle School,288,04:38,3,8,0,30,38,18, 4:24,,GA,17,,10-5525,Middle School,12,0,22,34,31, 3:59,,19,0,19,38,52, 4:25,
289,,101,Middle School,289,05:37,3,15,0,23,38,45, 4:50,,LA,8,,10-4583,Middle School,16,0,18,34,40, 4:45,,12,3,26,38,16, 5:01,
290,,101,Middle School,290,05:36,3,9,1,29,38,31, 5:35,,SC,6,,10-4768,Middle School,10,0,24,34,27, 5:14,,16,0,22,38,43, 5:36,
291,,100,Middle School,291,02:46,3,11,0,27,38,30, 2:38,,VA,29,,10-4525,Middle School,14,0,20,34,44, 2:43,,12,0,26,38,26, 2:07,
292,,100,Middle School,292,05:34,3,16,0,22,38,39, 5:33,,TX,29,,10-3915,Middle School,12,0,22,34,31, 5:33,,14,0,24,38,30, 5:32,
293,,98,Middle School,293,05:53,3,9,0,29,38,21, 4:10,,RI,8,,10-0140,Middle School,9,0,25,34,26, 5:53,,21,0,17,38,51, 5:52,
294,,98,Middle School,294,05:52,3,15,0,23,38,43, 5:50,,AZ,5,,10-3234,Middle School,2,0,32,34,9, 5:52,,17,0,21,38,46, 5:51,
295,,98,Middle School,295,05:56,3,16,0,22,38,43, 5:55,,HI,13,,10-4967,Middle School,11,0,23,34,34, 5:50,,11,0,27,38,21, 5:52,
296,T,98,Middle School,296,06:06,3,12,0,26,38,25, 6:04,T,OH,6,,10-4039,Middle School,12,0,22,34,33, 6:04,T,15,0,23,38,40, 5:56,
297,,97,Middle School,297,03:51,3,9,0,29,38,25, 3:33,,TX,30,,10-0652,Middle School,8,0,26,34,25, 3:40,,16,0,22,38,47, 3:51,
298,,97,Middle School,298,05:32,3,17,1,21,38,27, 4:47,,CA,64,,10-4238,Middle School,15,0,19,34,36, 4:36,,16,0,22,38,34, 5:32,
299,,97,Middle School,299,04:58,3,6,0,32,38,12, 4:55,,SC,7,,10-4777,Middle School,16,0,18,34,41, 4:51,,17,0,21,38,44, 4:56,
300,,97,Middle School,300,05:37,3,13,1,25,38,23, 5:36,,OH,7,,10-3646,Middle School,12,0,22,34,37, 5:37,,18,0,20,38,37, 5:35,
301,,97,Middle School,301,05:39,3,13,0,25,38,40, 5:38,,CO,29,,10-1800,Middle School,12,0,22,34,27, 5:38,,11,0,27,38,30, 4:40,
302,,97,Middle School,302,05:53,3,10,0,28,38,33, 5:46,,HI,14,,10-4611,Middle School,11,0,23,34,30, 5:45,,15,0,23,38,34, 5:53,
303,T,97,Middle School,303,20:52,3,14,0,24,38,40, 2:06,,FL,6,,10-4291,Middle School,8,0,26,34,17, 2:37,,17,0,21,38,40,20:01,T
304,,96,Middle School,304,05:46,3,15,0,23,38,29, 5:44,,CA,65,,10-1449,Middle School,12,0,22,34,32, 5:46,,15,1,23,38,35, 5:42,
305,,96,Middle School,305,03:51,3,11,0,27,38,29, 3:43,,WV,1,,10-3633,Middle School,12,0,22,34,33, 3:48,,15,0,23,38,34, 3:51,
306,,96,Middle School,306,05:50,3,18,0,20,38,50, 5:50,,TX,31,,10-3736,Middle School,7,0,27,34,15, 5:29,,10,0,28,38,31, 5:48,
307,,96,Middle School,307,05:38,3,12,0,26,38,21, 5:36,,CA,66,,10-5128,Middle School,19,0,15,34,54, 5:38,,13,2,25,38,21, 5:36,
308,,96,Middle School,308,05:55,3,14,0,24,38,26, 5:18,,SC,8,,10-0465,Middle School,9,0,25,34,24, 5:55,,17,0,21,38,46, 5:22,
309,,96,Middle School,309,05:58,3,10,0,28,38,18, 5:13,,AL,14,,10-0725,Middle School,8,0,26,34,18, 4:18,,24,0,14,38,60, 5:20,
310,,95,Middle School,310,05:13,3,9,1,29,38,20, 4:26,,CAN,4,,10-0136,Middle School,13,1,21,34,31, 2:15,,16,0,22,38,44, 5:13,
311,,94,Middle School,311,05:29,3,16,0,22,38,37, 5:24,,CA,67,,10-1278,Middle School,12,0,22,34,32, 5:10,,13,0,25,38,25, 5:26,
312,,94,Middle School,312,05:49,3,9,0,29,38,17, 5:38,,TX,32,,10-2749,Middle School,15,0,19,34,39, 5:49,,14,0,24,38,38, 5:44,
313,,93,Middle School,313,05:54,3,13,1,25,38,24, 5:45,,TX,33,,10-2646,Middle School,6,1,28,34,7, 5:44,,22,0,16,38,62, 5:53,
314,,92,Middle School,314,04:19,3,14,1,24,38,30, 4:18,,NJ,5,,10-4270,Middle School,7,0,27,34,20, 4:16,,17,0,21,38,42, 4:17,
315,,92,Middle School,315,05:34,3,17,0,21,38,34, 5:33,,TX,34,,10-3901,Middle School,10,0,24,34,26, 5:33,,14,0,24,38,32, 5:34,
316,,91,Middle School,316,05:19,3,9,0,29,38,28, 5:10,,CA,68,,10-2434,Middle School,7,0,27,34,15, 1:53,,18,0,20,38,48, 4:22,
317,,91,Middle School,317,04:44,3,11,0,27,38,35, 4:43,,TX,35,,10-5213,Middle School,8,0,26,34,24, 4:03,,14,1,24,38,32, 3:54,
318,T,91,Middle School,318,06:01,3,13,0,25,38,32, 6:01,T,PA,4,,10-1013,Middle School,4,0,30,34,9, 1:23,,18,0,20,38,50, 3:59,
319,,90,Middle School,319,05:48,3,8,1,30,38,11, 5:48,,CO,30,,10-1328,Middle School,18,0,16,34,49, 5:34,,13,0,25,38,30, 5:34,
320,,89,Middle School,320,04:54,3,9,0,29,38,29, 4:53,,CT,2,,10-4757,Middle School,8,0,26,34,24, 4:36,,12,0,26,38,36, 4:47,
321,,89,Middle School,321,05:44,3,7,0,31,38,19, 5:01,,CA,69,,10-1253,Middle School,14,0,20,34,46, 5:44,,11,0,27,38,24, 5:35,
322,,89,Middle School,322,05:51,3,3,0,35,38,5, 5:37,,MO,11,,10-0491,Middle School,11,0,23,34,36, 5:41,,16,0,22,38,48, 5:50,
323,,88,Middle School,323,05:56,3,13,0,25,38,27, 5:54,,FL,7,,10-0485,Middle School,14,0,20,34,39, 5:55,,12,1,26,38,22, 5:55,
324,T,88,Middle School,324,30:32:00,3,10,1,28,38,16,10:08,T,CA,70,,10-5726,Middle School,15,0,19,34,43,28:29:00,T,12,1,26,38,29,28:58:00,T
325,,87,Middle School,325,03:53,3,11,0,27,38,27, 3:50,,CA,71,,10-2737,Middle School,13,0,21,34,37, 3:53,,12,0,26,38,23, 3:53,
326,,87,Middle School,326,05:47,3,8,0,30,38,16, 5:15,,AL,15,,10-2377,Middle School,16,0,18,34,45, 5:41,,12,0,26,38,26, 5:46,
327,,87,Middle School,327,05:31,3,18,0,20,38,48, 5:31,,AZ,6,,10-0897,Middle School,3,0,31,34,9, 5:23,,13,0,25,38,30, 5:31,
328,T,87,Middle School,328,06:02,3,16,0,22,38,33, 5:57,,NC,4,,10-2988,Middle School,9,1,25,34,20, 5:58,,17,0,21,38,34, 6:02,T
329,,87,Middle School,329,05:54,3,14,0,24,38,28, 5:51,,TX,36,,10-2792,Middle School,8,0,26,34,24, 5:54,,15,0,23,38,35, 5:51,
330,,87,Middle School,330,05:41,3,15,0,23,38,28, 5:40,,AZ,7,,10-1948,Middle School,7,0,27,34,20, 5:37,,14,0,24,38,39, 5:39,
331,,87,Middle School,331,05:45,3,11,1,27,38,28, 5:44,,TX,37,,10-3737,Middle School,13,0,21,34,35, 5:45,,13,1,25,38,24, 5:44,
332,,86,Middle School,332,03:59,3,13,0,25,38,37, 3:58,,VA,30,,10-2775,Middle School,11,0,23,34,31, 3:58,,11,0,27,38,18, 3:58,
333,,86,Middle School,333,04:50,3,13,0,25,38,39, 4:50,,PA,5,,10-4555,Middle School,2,0,32,34,4, 1:06,,18,0,20,38,43, 3:17,
334,,86,Middle School,334,05:13,3,11,0,27,38,20, 5:06,,TX,38,,10-1890,Middle School,11,0,23,34,28, 5:12,,15,1,23,38,38, 5:09,
335,,86,Middle School,335,05:54,3,14,0,24,38,38, 1:16,,CT,3,,10-1369,Middle School,8,0,26,34,21, 4:36,,14,0,24,38,27, 3:30,
336,,85,Middle School,336,05:26,3,13,0,25,38,33, 4:46,,MI,4,,10-5681,Middle School,10,0,24,34,23, 5:26,,14,0,24,38,29, 4:28,
337,,85,Middle School,337,05:40,3,10,0,28,38,31, 4:56,,CAN,5,,10-0910,Middle School,8,0,26,34,22, 5:40,,15,0,23,38,32, 5:26,
338,,85,Middle School,338,05:59,3,13,0,25,38,46, 5:38,,AR,3,,10-2433,Middle School,1,0,33,34,2, 4:10,,12,0,26,38,37, 3:18,
339,,85,Middle School,339,05:38,3,11,0,27,38,31, 5:36,,CA,72,,10-5310,Middle School,15,0,19,34,43, 5:17,,6,0,32,38,11, 5:35,
340,,84,Middle School,340,02:54,3,12,0,26,38,31, 1:07,,TX,39,,10-4166,Middle School,2,0,32,34,10, 0:58,,15,0,23,38,43, 0:45,
341,,84,Middle School,341,04:29,3,10,0,28,38,20, 4:27,,FL,8,,10-4500,Middle School,12,0,22,34,30, 4:28,,14,0,24,38,34, 4:28,
342,,84,Middle School,342,05:40,3,11,0,27,38,24, 5:40,,CA,73,,10-2881,Middle School,13,0,21,34,32, 4:43,,13,0,25,38,28, 5:40,
343,,84,Middle School,343,05:58,3,10,0,28,38,34, 5:58,,CA,74,,10-0389,Middle School,2,0,32,34,9, 2:28,,15,0,23,38,41, 5:58,
344,,84,Middle School,344,05:54,3,17,0,21,38,37, 5:53,,RI,9,,10-0139,Middle School,7,0,27,34,17, 5:54,,14,0,24,38,30, 5:54,
345,,82,Middle School,345,05:34,3,9,0,29,38,21, 5:34,,TX,40,,10-4783,Middle School,16,0,18,34,40, 5:29,,12,0,26,38,21, 5:22,
346,,82,Middle School,346,05:39,3,11,1,27,38,14, 5:39,,TX,41,,10-3261,Middle School,10,0,24,34,31, 5:34,,14,0,24,38,37, 5:37,
347,,82,Middle School,347,05:54,3,15,0,23,38,42, 5:54,,ID,1,,10-2027,Middle School,10,0,24,34,22, 4:52,,8,0,30,38,18, 2:35,
348,,81,Middle School,348,05:18,3,7,0,31,38,24, 5:16,,GA,18,,10-4759,Middle School,10,0,24,34,27, 5:17,,14,0,24,38,30, 5:17,
349,,81,Middle School,349,05:45,3,17,0,21,38,45, 5:41,,TX,42,,10-3971,Middle School,6,0,28,34,17, 5:45,,8,0,30,38,19, 4:51,
350,,81,Middle School,350,05:49,3,13,0,25,38,27, 5:48,,MD,6,,10-1850,Middle School,8,0,26,34,22, 5:39,,15,0,23,38,32, 5:49,
351,,80,Middle School,351,03:07,3,9,0,29,38,16, 3:07,,KS,5,,10-2057,Middle School,11,0,23,34,32, 3:06,,11,0,27,38,32, 2:59,
352,T,80,Middle School,352,06:59,3,9,0,29,38,30, 3:26,,CA,75,,10-3840,Middle School,10,0,24,34,27, 2:55,,12,0,26,38,23, 6:59,T
353,,80,Middle School,353,05:56,3,14,0,24,38,42, 5:50,,SC,9,,10-3792,Middle School,12,0,22,34,25, 5:53,,13,2,25,38,13, 5:50,
354,,79,Middle School,354,05:36,3,9,0,29,38,32, 5:23,,SC,10,,10-5701,Middle School,7,0,27,34,16, 5:29,,10,0,28,38,31, 5:29,
355,,78,Middle School,355,05:13,3,6,0,32,38,17, 5:10,,CO,31,,10-2629,Middle School,7,0,27,34,16, 5:13,,16,0,22,38,45, 5:07,
356,T,78,Middle School,356,06:40,3,14,0,24,38,23, 5:08,,CA,76,,10-2463,Middle School,11,0,23,34,31, 3:42,,10,0,28,38,24, 6:40,T
357,M,77,Middle School,357,05:41,3,12,0,26,38,23, 5:37,,RI,10,,10-2847,Middle School,9,0,25,34,22, 5:39,M,12,0,26,38,32, 3:36,
358,,77,Middle School,358,05:40,3,7,0,31,38,21, 5:40,,TX,43,,10-1983,Middle School,9,0,25,34,27, 5:40,,11,0,27,38,29, 5:40,
359,,75,Middle School,359,05:10,3,7,0,31,38,22, 3:24,,CA,77,,10-2820,Middle School,10,0,24,34,28, 5:04,,10,0,28,38,25, 5:00,
360,,75,Middle School,360,05:41,3,5,2,33,38,1, 4:46,,SC,11,,10-5742,Middle School,22,0,12,34,64, 5:39,,8,1,30,38,10, 5:32,
361,,75,Middle School,361,04:24,3,9,0,29,38,17, 4:00,,NJ,6,,10-0656,Middle School,13,0,21,34,34, 4:19,,13,1,25,38,24, 4:24,
362,,74,Middle School,362,04:47,3,13,2,25,38,27, 1:51,,FL,9,,10-5454,Middle School,10,0,24,34,24, 4:44,,13,0,25,38,23, 2:48,
363,,74,Middle School,363,05:34,3,13,1,25,38,36, 4:09,,TX,44,,10-0519,Middle School,4,0,30,34,8, 3:10,,14,0,24,38,30, 5:34,
364,,74,Middle School,364,05:54,3,9,0,29,38,28, 5:53,,SD,2,,10-1916,Middle School,7,0,27,34,16, 5:46,,12,0,26,38,30, 5:53,
365,,73,Middle School,365,04:16,3,10,0,28,38,30, 4:13,,TX,45,,10-4122,Middle School,6,0,28,34,12, 4:12,,12,0,26,38,31, 4:15,
366,,71,Middle School,366,05:31,3,8,0,30,38,17, 0:56,,HI,15,,10-5468,Middle School,13,0,21,34,35, 5:31,,13,1,25,38,19, 4:55,
367,,71,Middle School,367,05:48,3,10,0,28,38,23, 5:47,,AL,16,,10-0726,Middle School,10,0,24,34,25, 5:44,,11,1,27,38,23, 5:26,
368,,70,Middle School,368,04:04,3,8,0,30,38,12, 3:17,,RI,11,,10-2848,Middle School,15,0,19,34,37, 4:04,,11,0,27,38,21, 2:36,
369,,70,Middle School,369,05:04,3,9,0,29,38,14, 4:41,,HI,16,,10-4683,Middle School,5,1,29,34,7, 3:11,,17,0,21,38,49, 5:04,
370,,70,Middle School,370,04:37,3,11,0,27,38,27, 1:47,,AL,17,,10-0884,Middle School,6,0,28,34,13, 0:53,,12,0,26,38,30, 1:38,
371,,70,Middle School,371,05:31,3,15,0,23,38,39, 5:25,,OK,2,,10-4422,Middle School,3,0,31,34,7, 5:29,,13,0,25,38,24, 4:28,
372,,70,Middle School,372,04:58,3,9,0,29,38,32, 4:58,,RI,12,,10-3941,Middle School,2,0,32,34,9, 4:58,,9,0,29,38,29, 4:32,
373,,70,Middle School,373,05:57,3,14,0,24,38,26, 5:57,,AZ,8,,10-2724,Middle School,7,0,27,34,18, 5:57,,15,1,23,38,26, 5:57,
374,,69,Middle School,374,05:38,3,0,0,38,38,0, 3:00,,TX,46,,10-2440,Middle School,12,0,22,34,34, 5:37,,16,0,22,38,35, 5:34,
375,,69,Middle School,375,05:45,3,8,0,30,38,19, 2:00,,VA,31,,10-4834,Middle School,4,0,30,34,10, 1:10,,14,0,24,38,40, 2:33,
376,,68,Middle School,376,05:39,3,8,0,30,38,22, 5:30,,CA,78,,10-4895,Middle School,9,1,25,34,21, 5:38,,12,0,26,38,25, 5:39,
377,,68,Middle School,377,04:28,3,11,2,27,38,18, 4:26,,FL,10,,10-4502,Middle School,10,2,24,34,12, 4:27,,10,0,28,38,38, 4:26,
378,,68,Middle School,378,05:47,3,5,0,33,38,14, 5:41,,SC,12,,10-4780,Middle School,5,0,29,34,13, 5:44,,14,0,24,38,41, 5:46,
379,,68,Middle School,379,04:53,3,11,0,27,38,22, 1:49,,RI,13,,10-5299,Middle School,7,0,27,34,19, 1:20,,13,0,25,38,27, 3:30,
380,,68,Middle School,380,05:58,3,12,0,26,38,35, 5:54,,OK,3,,10-0209,Middle School,3,0,31,34,6, 5:55,,13,0,25,38,27, 5:58,
381,,68,Middle School,381,05:41,3,6,0,32,38,29, 5:40,,OH,8,,10-5285,Middle School,7,0,27,34,14, 5:05,,11,0,27,38,25, 5:37,
382,,68,Middle School,382,05:50,3,7,0,31,38,15, 5:27,,OK,4,,10-0210,Middle School,8,0,26,34,17, 5:35,,18,0,20,38,36, 5:50,
383,T,68,Middle School,383,06:02,3,0,0,38,38,0, 6:02,T,CA,79,,10-4564,Middle School,10,0,24,34,24, 5:35,,17,0,21,38,44, 5:39,
384,,67,Middle School,384,05:44,3,11,0,27,38,24, 5:42,,AZ,9,,10-2976,Middle School,9,0,25,34,27, 5:44,,10,0,28,38,16, 5:42,
385,,67,Middle School,385,05:38,3,8,0,30,38,21, 1:51,,CAN,6,,10-2618,Middle School,8,1,26,34,18, 2:00,,11,0,27,38,28, 5:17,
386,,67,Middle School,386,05:51,3,10,0,28,38,20, 5:49,,CO,32,,10-1603,Middle School,9,0,25,34,22, 5:51,,13,0,25,38,25, 5:47,
387,,67,Middle School,387,05:48,3,8,0,30,38,13, 5:47,,SC,13,,10-0467,Middle School,9,0,25,34,22, 5:17,,12,0,26,38,32, 5:32,
388,,66,Middle School,388,04:57,3,5,0,33,38,11, 4:50,,AL,18,,10-0260,Middle School,5,0,29,34,17, 4:44,,13,0,25,38,38, 4:50,
389,,66,Middle School,389,05:51,3,9,0,29,38,23, 5:48,,HI,17,,10-4964,Middle School,13,1,21,34,27, 5:48,,12,2,26,38,16, 5:51,
390,,66,Middle School,390,05:57,3,8,0,30,38,26, 5:55,,AL,19,,10-0979,Middle School,6,0,28,34,15, 5:46,,14,0,24,38,25, 5:46,
391,,65,Middle School,391,03:26,3,7,0,31,38,25, 2:55,,CA,80,,10-4871,Middle School,5,0,29,34,10, 3:26,,9,0,29,38,30, 2:56,
392,,65,Middle School,392,05:16,3,14,0,24,38,28, 5:15,,CA,81,,10-4598,Middle School,8,0,26,34,18, 2:39,,12,0,26,38,19, 5:16,
393,,65,Middle School,393,04:37,3,7,0,31,38,14, 4:36,,SC,14,,10-4779,Middle School,9,0,25,34,23, 4:36,,9,0,29,38,28, 4:34,
394,T,65,Middle School,394,06:06,2,9,0,29,38,19, 1:50,,NV,8,,10-2542,Middle School,,,,0,,,,15,0,23,38,46, 4:15,
395,,64,Middle School,395,05:09,3,5,0,33,38,8, 5:05,,FL,11,,10-1597,Middle School,15,0,19,34,36, 5:05,,12,0,26,38,20, 5:08,
396,,64,Middle School,396,05:03,3,7,0,31,38,12, 5:01,,KS,6,,10-5112,Middle School,5,0,29,34,14, 5:01,,19,0,19,38,38, 5:02,
397,,63,Middle School,397,05:39,3,9,0,29,38,16, 5:29,,CA,82,,10-3271,Middle School,7,0,27,34,17, 5:38,,13,0,25,38,30, 5:35,
398,,63,Middle School,398,05:03,3,13,0,25,38,21, 5:03,,CA,83,,10-4374,Middle School,6,0,28,34,14, 4:59,,13,0,25,38,28, 4:59,
399,,63,Middle School,399,05:27,3,11,0,27,38,32, 5:26,,CA,84,,10-4570,Middle School,7,2,27,34,7, 5:24,,14,1,24,38,24, 5:20,
400,,63,Middle School,400,05:34,3,8,1,30,38,7, 5:34,,CA,85,,10-2853,Middle School,7,0,27,34,21, 5:33,,12,0,26,38,35, 5:33,
401,,63,Middle School,401,05:48,2,,,,0,,,,CA,86,,10-2238,Middle School,20,0,14,34,55, 4:57,,4,0,34,38,8, 0:49,
402,,62,Middle School,402,03:34,3,7,0,31,38,14, 3:13,,TX,47,,10-1665,Middle School,10,0,24,34,27, 3:34,,9,1,29,38,21, 3:14,
403,,62,Middle School,403,05:11,3,15,0,23,38,28, 1:12,,IL,5,,10-3776,Middle School,6,1,28,34,9, 1:21,,12,0,26,38,25, 2:10,
404,,62,Middle School,404,05:45,3,10,0,28,38,31, 2:49,,AR,4,,10-1190,Middle School,7,0,27,34,15, 0:56,,10,0,28,38,16, 1:44,
405,,61,Middle School,405,05:41,3,6,2,32,38,2, 5:20,,CA,87,,10-5129,Middle School,13,0,21,34,31, 5:38,,16,2,22,38,28, 5:39,
406,,61,Middle School,406,05:24,3,5,0,33,38,8, 5:24,,CO,33,,10-2626,Middle School,12,0,22,34,36, 5:23,,8,0,30,38,17, 5:14,
407,,60,Middle School,407,04:57,3,15,0,23,38,37, 1:50,,RI,14,,10-5395,Middle School,0,0,34,34,0, 1:01,,12,0,26,38,23, 1:58,
408,T,59,Middle School,408,06:27,3,10,0,28,38,28, 5:26,,CA,88,,10-5318,Middle School,0,0,34,34,0, 0:15,,9,0,29,38,31, 5:47,
409,,59,Middle School,409,05:45,3,12,0,26,38,25, 5:45,,NE,1,,10-2111,Middle School,2,0,32,34,8, 5:44,,18,2,20,38,26, 5:44,
410,,58,Middle School,410,02:58,3,10,0,28,38,18, 2:57,,HI,18,,10-4679,Middle School,7,0,27,34,18, 2:58,,8,0,30,38,22, 2:57,
411,,58,Middle School,411,05:46,3,11,0,27,38,20, 5:45,,NJ,7,,10-4010,Middle School,7,0,27,34,17, 3:23,,9,0,29,38,21, 3:03,
412,,58,Middle School,412,06:00,3,7,0,31,38,23, 6:00,,CA,89,,10-4872,Middle School,0,0,34,34,0, 1:14,,8,0,30,38,35, 4:51,
413,,57,Middle School,413,03:36,3,9,0,29,38,20, 1:13,,VA,32,,10-4556,Middle School,10,0,24,34,22, 1:05,,12,2,26,38,15, 1:13,
414,,57,Middle School,414,05:34,3,4,0,34,38,8, 5:16,,IL,6,,10-5392,Middle School,11,1,23,34,23, 5:26,,14,0,24,38,26, 5:28,
415,T,55,Middle School,415,32:25:00,3,6,1,32,38,4, 3:28,,IL,7,,10-5321,Middle School,4,0,30,34,11, 3:24,,15,0,23,38,40,32:25:00,T
416,,55,Middle School,416,04:07,3,7,0,31,38,15, 0:39,,RI,15,,10-4766,Middle School,0,0,34,34,0, 0:05,,17,0,21,38,40, 3:08,
417,,55,Middle School,417,05:43,3,10,0,28,38,21, 5:40,,GA,19,,10-1502,Middle School,7,0,27,34,18, 5:43,,8,0,30,38,16, 5:38,
418,,54,Middle School,418,05:39,3,8,0,30,38,12, 5:36,,CA,90,,10-5127,Middle School,11,0,23,34,25, 5:39,,10,0,28,38,17, 5:36,
419,,54,Middle School,419,05:49,3,8,0,30,38,16, 5:39,,KS,7,,10-0170,Middle School,7,0,27,34,18, 5:42,,17,2,21,38,20, 5:49,
420,,53,Middle School,420,05:32,3,8,0,30,38,18, 5:30,,CA,91,,10-1451,Middle School,5,0,29,34,13, 5:32,,8,0,30,38,22, 5:32,
421,,53,Middle School,421,04:20,3,11,0,27,38,29, 2:15,,AL,20,,10-2016,Middle School,0,0,34,34,0, 0:15,,12,2,26,38,24, 1:39,
422,,53,Middle School,422,05:04,3,5,1,33,38,0, 5:02,,CAN,7,,10-0961,Middle School,8,0,26,34,23, 4:40,,10,0,28,38,30, 4:42,
423,,53,Middle School,423,05:26,3,8,0,30,38,11, 5:26,,AZ,10,,10-2315,Middle School,5,0,29,34,13, 5:26,,14,0,24,38,29, 5:26,
424,,53,Middle School,424,05:58,3,8,0,30,38,11, 4:10,,TX,48,,10-4127,Middle School,9,0,25,34,22, 5:52,,11,0,27,38,20, 5:57,
425,,52,Middle School,425,00:57,2,,,,0,,,,HI,19,,10-3704,Middle School,7,0,27,34,24, 0:57,,9,0,29,38,28, 0:49,
426,,52,Middle School,426,05:16,3,11,1,27,38,17, 2:08,,CA,92,,10-0268,Middle School,7,0,27,34,15, 1:36,,12,2,26,38,20, 5:16,
427,,52,Middle School,427,05:46,3,8,0,30,38,30, 5:45,,SC,15,,10-0468,Middle School,3,0,31,34,7, 5:45,,10,0,28,38,15, 5:45,
428,,52,Middle School,428,04:57,3,7,1,31,38,6, 4:15,,CT,4,,10-4760,Middle School,8,0,26,34,25, 4:41,,7,0,31,38,21, 4:57,
429,,51,Middle School,429,03:18,3,6,0,32,38,11, 3:16,,AP,1,,10-3274,Middle School,5,0,29,34,10, 2:11,,11,0,27,38,30, 3:14,
430,,51,Middle School,430,05:33,3,3,0,35,38,11, 5:28,,TX,49,,10-3266,Middle School,6,0,28,34,18, 5:33,,10,1,28,38,22, 5:32,
431,,50,Middle School,431,05:53,3,8,0,30,38,11, 3:57,,AL,21,,10-2379,Middle School,7,0,27,34,20, 5:53,,10,0,28,38,19, 5:43,
432,,50,Middle School,432,03:25,3,12,2,26,38,32, 3:25,,TX,50,,10-1667,Middle School,3,3,31,34,-9, 3:15,,12,0,26,38,27, 3:23,
433,,50,Middle School,433,04:55,3,10,0,28,38,24, 4:54,,RI,16,,10-3935,Middle School,6,2,28,34,5, 4:54,,10,0,28,38,21, 4:51,
434,,49,Middle School,434,04:17,2,13,1,25,38,35, 4:17,,TX,51,,10-3908,Middle School,6,0,28,34,14, 1:02,,,,,0,,,
435,,48,Middle School,435,05:03,1,,,,0,,,,NM,2,,10-2858,Middle School,,,,0,,,,17,0,21,38,48, 5:03,
436,,47,Middle School,436,04:02,1,,,,0,,,,TX,52,,10-1882,Middle School,,,,0,,,,20,1,18,38,47, 4:02,
437,,47,Middle School,437,04:53,3,11,0,27,38,21, 4:53,,RI,17,,10-5297,Middle School,5,0,29,34,11, 2:50,,8,0,30,38,15, 3:15,
438,,47,Middle School,438,04:28,3,4,0,34,38,4, 3:12,,AL,22,,10-0252,Middle School,2,0,32,34,4, 3:14,,14,0,24,38,39, 4:27,
439,,47,Middle School,439,04:50,3,9,0,29,38,15, 4:43,,CO,34,,10-1801,Middle School,4,0,30,34,9, 4:16,,14,0,24,38,23, 4:37,
440,,47,Middle School,440,05:22,3,10,0,28,38,14, 5:05,,CA,93,,10-4372,Middle School,4,0,30,34,10, 5:22,,13,0,25,38,23, 5:18,
441,,46,Middle School,441,02:07,3,8,0,30,38,12, 2:06,,IA,1,,10-2703,Middle School,7,0,27,34,15, 1:10,,11,0,27,38,19, 1:11,
442,,46,Middle School,442,05:40,3,9,0,29,38,12, 5:39,,AZ,11,,10-0889,Middle School,3,0,31,34,8, 5:40,,12,0,26,38,26, 5:40,
443,,45,Middle School,443,02:26,1,,,,0,,,,GA,20,CMS,10-4589,Middle School,,,,0,,,,15,0,23,38,45, 2:26,
444,,43,Middle School,444,04:44,3,9,0,29,38,19, 4:44,,IL,8,,10-5389,Middle School,6,1,28,34,9, 4:38,,7,0,31,38,15, 4:17,
445,,43,Middle School,445,05:38,3,3,0,35,38,3, 1:22,,FL,12,,10-2505,Middle School,13,0,21,34,30, 2:58,,7,0,31,38,10, 1:06,
446,,43,Middle School,446,05:17,3,9,0,29,38,25, 2:16,,CAN,8,,10-4160,Middle School,1,0,33,34,2, 0:25,,9,0,29,38,16, 2:55,
447,,42,Middle School,447,01:42,3,6,0,32,38,23, 0:24,,CO,35,,10-0905,Middle School,3,0,31,34,6, 0:11,,9,1,29,38,13, 0:46,
448,,42,Middle School,448,05:41,3,10,0,28,38,19, 5:40,,CA,94,,10-2854,Middle School,2,0,32,34,4, 5:41,,12,1,26,38,19, 5:05,
449,T,40,Middle School,449,07:00,3,8,1,30,38,7, 6:29,T,CA,95,,10-0806,Middle School,5,0,29,34,11, 6:59,T,10,0,28,38,22, 5:32,
450,,39,Middle School,450,05:51,3,8,0,30,38,11, 5:20,,CA,96,,10-3134,Middle School,5,0,29,34,10, 5:12,,10,0,28,38,18, 5:51,
451,,39,Middle School,451,05:49,3,8,0,30,38,12, 5:35,,CA,97,,10-2746,Middle School,0,0,34,34,0, 5:18,,9,0,29,38,27, 5:46,
452,,39,Middle School,452,04:08,3,6,0,32,38,10, 4:08,,RI,18,,10-5367,Middle School,6,0,28,34,12, 1:05,,8,0,30,38,17, 2:16,
453,,39,Middle School,453,04:51,3,10,0,28,38,17, 1:52,,RI,19,,10-5304,Middle School,0,0,34,34,0, 0:22,,12,0,26,38,22, 2:55,
454,,39,Middle School,454,05:00,3,6,0,32,38,10, 4:51,,RI,20,,10-3925,Middle School,0,0,34,34,0, 5:00,,10,0,28,38,29, 4:55,
455,,39,Middle School,455,05:04,3,8,1,30,38,13, 3:48,,IL,9,,10-5296,Middle School,2,0,32,34,10, 5:04,,12,2,26,38,16, 4:49,
456,,38,Middle School,456,04:50,3,8,2,30,38,1, 4:50,,GA,21,HMS,10-3445,Middle School,5,0,29,34,10, 4:49,,11,0,27,38,27, 4:50,
457,T,38,Middle School,457,06:12,2,7,0,31,38,12, 5:15,,MD,7,,10-1902,Middle School,,,,0,,,,12,0,26,38,26, 6:08,T
458,,37,Middle School,458,05:37,3,6,0,32,38,8, 5:34,,CO,36,,10-1601,Middle School,6,1,28,34,9, 5:37,,7,0,31,38,20, 5:35,
459,,36,Middle School,459,03:58,1,14,0,24,38,36, 3:58,,CT,5,,10-4509,Middle School,,,,0,,,,,,,0,,,
460,,36,Middle School,460,05:40,3,8,1,30,38,10, 5:39,,TX,53,,10-4175,Middle School,1,0,33,34,2, 5:40,,10,0,28,38,24, 5:38,
461,,36,Middle School,461,04:19,3,4,0,34,38,4, 4:18,,NJ,8,,10-0658,Middle School,4,0,30,34,8, 4:10,,14,0,24,38,24, 4:10,
462,,36,Middle School,462,05:35,3,3,0,35,38,5, 3:09,,CA,98,,10-3732,Middle School,8,1,26,34,12, 5:35,,13,1,25,38,19, 5:31,
463,,36,Middle School,463,05:50,3,7,2,31,38,2, 5:43,,CA,99,,10-2752,Middle School,11,1,23,34,18, 5:49,,10,0,28,38,16, 5:43,
464,,35,Middle School,464,04:53,3,8,0,30,38,11, 3:29,,FL,13,,10-2507,Middle School,11,0,23,34,24, 2:52,,0,0,38,38,0, 0:03,
465,,35,Middle School,465,04:57,3,8,0,30,38,24, 4:56,,CA,100,,10-2736,Middle School,3,0,31,34,6, 4:53,,4,0,34,38,5, 4:49,
466,,35,Middle School,466,05:55,3,0,0,38,38,0, 4:07,,AR,5,,10-4342,Middle School,0,0,34,34,0, 4:17,,14,0,24,38,35, 5:54,
467,,34,Middle School,467,03:32,3,8,0,30,38,19, 3:32,,TX,54,,10-1664,Middle School,6,2,28,34,3, 3:24,,12,2,26,38,12, 3:23,
468,,34,Middle School,468,05:44,3,9,0,29,38,13, 5:42,,CA,101,,10-2879,Middle School,4,0,30,34,8, 5:44,,11,2,27,38,13, 5:36,
469,,33,Middle School,469,05:28,3,8,1,30,38,8, 5:28,,CA,102,,10-0807,Middle School,4,0,30,34,11, 5:21,,7,0,31,38,14, 5:28,
470,,33,Middle School,470,05:48,3,9,1,29,38,8, 5:28,,MN,2,,10-2994,Middle School,9,0,25,34,19, 5:36,,7,1,31,38,6, 3:29,
471,,33,Middle School,471,05:49,3,6,0,32,38,8, 0:56,,VA,33,,10-4825,Middle School,6,0,28,34,14, 1:28,,6,1,32,38,11, 2:47,
472,,32,Middle School,472,05:44,3,4,2,34,38,2, 5:21,,CA,103,,10-2352,Middle School,9,0,25,34,24, 4:52,,9,2,29,38,6, 5:21,
473,,31,Middle School,473,04:34,3,12,0,26,38,23, 2:43,,CA,104,,10-4876,Middle School,0,0,34,34,0, 1:47,,8,1,30,38,8, 3:02,
474,,31,Middle School,474,04:35,3,5,0,33,38,7, 4:32,,CO,37,,10-1330,Middle School,3,0,31,34,8, 4:28,,9,0,29,38,16, 4:34,
475,,31,Middle School,475,04:07,3,5,1,33,38,6, 4:05,,HI,20,,10-4428,Middle School,0,0,34,34,0, 4:07,,8,0,30,38,25, 4:06,
476,,31,Middle School,476,04:01,3,6,0,32,38,12, 3:27,,GA,22,,10-4837,Middle School,3,0,31,34,12, 3:52,,1,0,37,38,7, 3:58,
477,,30,Middle School,477,05:15,3,6,4,32,38,-2, 5:14,,CA,105,,10-4874,Middle School,8,0,26,34,19, 5:15,,6,0,32,38,13, 4:06,
478,,30,Middle School,478,05:05,3,6,0,32,38,14, 4:35,,PA,6,,10-0902,Middle School,3,1,31,34,1, 4:44,,10,0,28,38,15, 5:05,
479,,30,Middle School,479,05:11,3,2,0,36,38,8, 2:19,,WA,4,,10-4287,Middle School,4,0,30,34,11, 0:54,,6,0,32,38,11, 1:08,
480,,29,Middle School,480,03:29,3,4,0,34,38,7, 3:27,,TX,55,,10-1666,Middle School,7,0,27,34,14, 3:16,,6,0,32,38,8, 3:17,
481,,29,Middle School,481,05:37,3,6,0,32,38,8, 3:56,,CA,106,,10-5110,Middle School,6,0,28,34,13, 5:37,,6,0,32,38,8, 3:56,
482,,29,Middle School,482,05:26,2,6,0,32,38,7, 5:25,,TX,56,,10-2562,Middle School,10,0,24,34,22, 5:25,,,,,0,,,
483,,29,Middle School,483,04:37,3,3,2,35,38,-6, 4:37,,GA,23,SIMS,10-4308,Middle School,13,0,21,34,30, 4:33,,4,0,34,38,5, 4:37,
484,,29,Middle School,484,04:30,3,8,2,30,38,2, 4:29,,CA,107,,10-2738,Middle School,5,0,29,34,10, 4:30,,9,0,29,38,17, 4:29,
485,,28,Middle School,485,02:00,3,4,0,34,38,7, 0:34,,IL,10,,10-3778,Middle School,1,0,33,34,4, 0:27,,9,0,29,38,17, 0:54,
486,,28,Middle School,486,05:07,2,8,0,30,38,23, 4:51,,MD,8,,10-5732,Middle School,,,,0,,,,10,2,28,38,5, 4:48,
487,,26,Middle School,487,05:04,2,4,2,34,38,-6, 5:04,,FL,14,,10-2506,Middle School,14,0,20,34,32, 3:00,,,,,0,,,
488,,26,Middle School,488,05:42,1,,,,0,,,,KY,2,,10-4462,Middle School,,,,0,,,,12,0,26,38,26, 5:42,
489,,26,Middle School,489,05:35,3,2,1,36,38,-3, 0:55,,CAN,9,,10-5689,Middle School,4,1,30,34,3, 3:41,,10,0,28,38,26, 2:50,
490,,25,Middle School,490,05:56,3,5,0,33,38,9, 5:43,,AL,23,,10-2376,Middle School,2,0,32,34,5, 5:55,,6,0,32,38,11, 5:45,
491,,25,Middle School,491,02:05,3,0,0,38,38,0, 0:07,,CA,108,,10-3591,Middle School,0,0,34,34,0, 0:09,,11,1,27,38,25, 2:05,
492,,25,Middle School,492,04:36,3,0,0,38,38,0, 0:05,,AL,24,,10-2014,Middle School,4,0,30,34,11, 1:19,,7,0,31,38,14, 1:23,
493,,25,Middle School,493,05:22,3,5,0,33,38,6, 5:15,,TX,57,,10-4778,Middle School,6,3,28,34,0, 5:22,,10,1,28,38,19, 5:21,
494,,24,Middle School,494,03:40,1,,,,0,,,,CA,109,,10-3968,Middle School,,,,0,,,,12,0,26,38,24, 3:40,
495,,23,Middle School,495,05:56,3,12,3,26,38,8, 5:39,,CA,110,,10-2981,Middle School,4,0,30,34,11, 5:17,,6,2,32,38,4, 5:56,
496,,23,Middle School,496,05:04,3,5,0,33,38,13, 3:35,,AR,6,,10-2714,Middle School,0,0,34,34,0, 0:51,,5,0,33,38,10, 1:15,
497,,22,Middle School,497,03:25,1,,,,0,,,,CA,111,,10-2205,Middle School,,,,0,,,,12,1,26,38,22, 3:25,
498,,22,Middle School,498,05:52,3,10,0,28,38,16, 5:51,,CA,112,,10-5130,Middle School,5,3,29,34,-5, 5:34,,8,1,30,38,11, 5:36,
499,,22,Middle School,499,05:52,3,0,0,38,38,0, 5:47,,NM,3,,10-2215,Middle School,4,1,30,34,5, 5:40,,8,0,30,38,17, 5:42,
500,,21,Middle School,500,04:24,3,5,0,33,38,9, 4:24,,RI,21,,10-5301,Middle School,0,0,34,34,0, 1:02,,5,0,33,38,12, 1:15,
501,,21,Middle School,501,05:38,3,8,3,30,38,-3, 5:37,,CA,113,,10-5115,Middle School,4,0,30,34,8, 5:38,,7,0,31,38,16, 5:36,
502,,21,Middle School,502,05:57,3,4,0,34,38,4, 1:37,,FL,15,,10-2508,Middle School,6,0,28,34,13, 1:27,,6,1,32,38,4, 2:40,
503,,20,Middle School,503,01:25,2,5,1,33,38,2, 0:21,,CA,114,,10-5141,Middle School,,,,0,,,,8,0,30,38,18, 0:52,
504,,20,Middle School,504,05:46,3,2,0,36,38,2, 4:59,,TX,58,,10-4114,Middle School,4,0,30,34,10, 4:58,,5,0,33,38,8, 5:10,
505,,20,Middle School,505,05:47,3,3,1,35,38,1, 2:41,,CA,115,,10-1454,Middle School,6,2,28,34,2, 5:46,,9,0,29,38,17, 5:47,
506,,19,Middle School,506,04:20,3,4,0,34,38,6, 4:07,,SC,16,,10-5348,Middle School,4,0,30,34,10, 4:20,,6,1,32,38,3, 4:19,
507,,19,Middle School,507,04:47,3,10,2,28,38,4, 4:47,,RI,22,,10-5303,Middle School,0,0,34,34,0, 2:30,,8,0,30,38,15, 4:36,
508,,19,Middle School,508,05:41,3,3,1,35,38,-1, 1:56,,VA,34,,10-4835,Middle School,6,0,28,34,14, 1:41,,5,0,33,38,6, 2:01,
509,,18,Middle School,509,05:53,3,2,3,36,38,-13, 5:52,,CA,116,,10-1452,Middle School,0,0,34,34,0, 4:18,,11,0,27,38,31, 5:21,
510,,18,Middle School,510,05:16,3,2,0,36,38,2, 3:25,,CA,117,,10-5066,Middle School,3,0,31,34,6, 5:14,,6,0,32,38,10, 5:15,
511,,18,Middle School,511,04:18,3,4,1,34,38,4, 4:18,,NJ,9,,10-0661,Middle School,0,0,34,34,0, 4:18,,8,0,30,38,14, 3:29,
512,,16,Middle School,512,02:14,3,0,0,38,38,0, 0:32,,CA,118,,10-3588,Middle School,0,0,34,34,0, 0:27,,3,0,35,38,16, 2:14,
513,,16,Middle School,513,02:33,1,,,,0,,,,CA,119,,10-5723,Middle School,,,,0,,,,8,0,30,38,16, 2:33,
514,,16,Middle School,514,05:24,3,8,0,30,38,11, 5:24,,TX,59,,10-3260,Middle School,4,2,30,34,1, 4:39,,3,0,35,38,4, 4:40,
515,T,16,Middle School,515,06:07,3,9,1,29,38,7, 6:07,T,MO,12,,10-0109,Middle School,3,0,31,34,7, 5:24,,1,0,37,38,2, 2:56,
516,,15,Middle School,516,05:28,2,6,2,32,38,0, 5:28,,WA,5,,10-4282,Middle School,6,0,28,34,15, 2:48,,,,,0,,,
517,,15,Middle School,517,05:05,3,0,0,38,38,0, 2:42,,MA,1,,10-5410,Middle School,2,0,32,34,8, 4:53,,1,0,37,38,7, 3:53,
518,,14,Middle School,518,04:44,2,4,0,34,38,4, 1:29,,GA,24,,10-1981,Middle School,,,,0,,,,7,0,31,38,10, 2:58,
519,,14,Middle School,519,04:43,2,3,0,35,38,3, 1:36,,AL,25,,10-0886,Middle School,5,0,29,34,11, 2:57,,,,,0,,,
520,,14,Middle School,520,05:11,2,,,,0,,,,MD,9,,10-5209,Middle School,11,2,23,34,17, 4:54,,5,2,33,38,-3, 2:19,
521,,14,Middle School,521,04:33,3,3,0,35,38,5, 1:43,,AL,26,,10-0887,Middle School,0,0,34,34,0, 0:19,,4,0,34,38,9, 1:09,
522,T,13,Middle School,522,06:43,1,9,0,29,38,13, 6:43,T,IN,2,,10-0561,Middle School,,,,0,,,,,,,0,,,
523,,13,Middle School,523,05:56,2,,,,0,,,,SC,17,,10-3684,Middle School,5,0,29,34,10, 2:09,,5,2,33,38,3, 5:56,
524,,12,Middle School,524,05:44,3,3,0,35,38,6, 5:33,,CA,120,,10-1455,Middle School,3,0,31,34,6, 5:44,,0,0,38,38,0, 0:05,
525,,12,Middle School,525,03:17,3,3,0,35,38,3, 1:59,,CT,6,,10-1951,Middle School,0,0,34,34,0, 1:15,,6,0,32,38,9, 3:16,
526,,11,Middle School,526,03:07,3,6,4,32,38,-1, 1:06,,CT,7,,10-1950,Middle School,2,0,32,34,7, 1:51,,2,0,36,38,5, 1:48,
527,,10,Middle School,527,03:21,1,6,0,32,38,10, 3:21,,IN,3,,10-0559,Middle School,,,,0,,,,,,,0,,,
528,,9,Middle School,528,04:43,1,5,0,33,38,9, 4:43,,CA,121,,10-4741,Middle School,,,,0,,,,,,,0,,,
529,,9,Middle School,529,03:58,1,,,,0,,,,NY,1,,10-5540,Middle School,,,,0,,,,6,0,32,38,9, 3:58,
530,,9,Middle School,530,02:16,2,6,2,32,38,1, 2:16,,CA,122,,10-0749,Middle School,4,0,30,34,8, 1:25,,,,,0,,,
531,T,7,Middle School,531,06:42,1,4,0,34,38,7, 6:42,T,IN,4,,10-0558,Middle School,,,,0,,,,,,,0,,,
532,,7,Middle School,532,05:32,3,2,0,36,38,2, 4:42,,CO,38,,10-1602,Middle School,0,0,34,34,0, 4:53,,3,0,35,38,5, 4:53,
533,,5,Middle School,533,05:48,3,0,0,38,38,0, 5:46,,TX,60,,10-2557,Middle School,1,0,33,34,5, 4:06,,0,0,38,38,0, 5:48,
534,,2,Middle School,534,01:30,2,0,0,38,38,0, 0:34,,CA,123,,10-0748,Middle School,,,,0,,,,1,0,37,38,2, 1:29,
535,,1,Middle School,535,01:47,2,,,,0,,,,CA,124,,10-3589,Middle School,0,2,34,34,-10, 0:49,,4,0,34,38,11, 1:39,
536,,1,Middle School,536,04:22,3,0,0,38,38,0, 4:21,,HI,21,,10-4431,Middle School,4,0,30,34,10, 4:17,,2,3,36,38,-9, 4:11,
537,,0,Middle School,537,00:10,3,0,0,38,38,0, 0:08,,CO,39,,10-3328,Middle School,0,0,34,34,0, 0:08,,0,0,38,38,0, 0:10,
538,,0,Middle School,538,00:53,1,0,0,38,38,0, 0:53,,AL,27,,10-1551,Middle School,,,,0,,,,,,,0,,,
539,T,-1,Middle School,539,06:51,1,5,2,33,38,-1, 6:51,T,IN,5,,10-0560,Middle School,,,,0,,,,,,,0,,,
540,,-2,Middle School,540,05:43,3,5,1,33,38,1, 5:23,,CA,125,,10-3272,Middle School,0,0,34,34,0, 3:58,,6,2,32,38,-3, 0:31,
541,,-5,Middle School,541,03:02,1,,,,0,,,,AL,28,,10-5014,Middle School,,,,0,,,,4,2,34,38,-5, 3:02,
542,,-5,Middle School,542,04:49,1,3,2,35,38,-5, 4:49,,CA,126,,10-5564,Middle School,,,,0,,,,,,,0,,,
543,,-6,Middle School,543,04:17,1,,,,0,,,,CA,127,,10-5563,Middle School,,,,0,,,,3,2,35,38,-6, 4:17,
544,,-10,Middle School,544,04:08,3,3,6,35,38,-23, 4:08,,MA,2,,10-5414,Middle School,5,2,29,34,3, 2:09,,6,0,32,38,10, 2:34,
