,,*Warn,CurrentScore,Division,OverallPlace,PlayTime,ScoredImages,Server2016_cpxii_r1_hsms-Found,Server2016_cpxii_r1_hsms-Penalties,Server2016_cpxii_r1_hsms-Remaining,Server2016_cpxii_r1_hsms-Score,Server2016_cpxii_r1_hsms-Time,Server2016_cpxii_r1_hsms-Warn,State,StatePlace,TeamName,TeamNumber,Tier,Ubuntu14_cpxii_r1_hs-Found,Ubuntu14_cpxii_r1_hs-Penalties,Ubuntu14_cpxii_r1_hs-Remaining,Ubuntu14_cpxii_r1_hs-Score,Ubuntu14_cpxii_r1_hs-Time,Ubuntu14_cpxii_r1_hs-Warn,Windows10_cpxii_r1_hsms-Found,Windows10_cpxii_r1_hsms-Penalties,Windows10_cpxii_r1_hsms-Remaining,Windows10_cpxii_r1_hsms-Score,Windows10_cpxii_r1_hsms-Time,Windows10_cpxii_r1_hsms-Warn
1,1,,244,Middle School,1,04:34,3,15,0,3,84, 3:27,,FL,1,,12-1151,,13,0,4,77, 4:34,,15,0,3,83, 3:56,
5,5,,226,Middle School,5,04:15,3,13,0,5,71, 3:59,,CA,2,,12-1906,,13,0,4,77, 3:53,,14,0,4,78, 3:47,
6,6,,217,Middle School,6,05:36,3,11,0,7,62, 5:36,,CA,3,,12-4447,,13,0,4,78, 5:36,,14,0,4,77, 5:35,
4,4,,227,Middle School,4,05:45,3,14,0,4,77, 5:36,,TX,1,,12-3992,,12,0,5,72, 5:45,,14,0,4,78, 5:33,
9,9,,207,Middle School,9,05:24,3,11,0,7,62, 5:22,,TX,2,,12-3991,,12,0,5,72, 5:15,,13,0,5,73, 5:22,
7,7,,211,Middle School,7,03:44,3,10,0,8,56, 2:21,,WV,1,,12-0784,,11,0,6,66, 2:20,,16,0,2,89, 3:44,
51,51,,193,Middle School,51,05:36,3,10,0,8,56, 5:34,,TX,4,,12-3986,,11,0,6,66, 5:29,,13,0,5,71, 5:26,
3,3,,228,Middle School,3,04:58,3,13,0,5,73, 4:55,,CO,1,,12-1060,,10,0,7,61, 4:58,,17,0,1,94, 4:56,
265,265,,154,Middle School,265,05:39,3,8,0,10,44, 5:38,,TX,33,,12-5240,,10,0,7,60, 5:29,,9,0,9,50, 5:24,
553,553,M,97,Middle School,553,05:26,2,,,,,,,CA,125,,12-0363,,10,0,7,58, 4:30,M,7,0,11,39, 5:21,
8,8,,210,Middle School,8,05:50,3,15,0,3,83, 5:31,,CA,4,,12-0353,,9,0,8,54, 4:08,,13,0,5,73, 5:48,
346,346,,143,Middle School,346,05:30,3,8,0,10,43, 4:49,,CO,35,,12-0064,,9,0,8,55, 5:19,,8,0,10,45, 5:13,
481,481,,115,Middle School,481,05:44,3,5,0,13,28, 4:16,,FL,21,,12-1154,,9,0,8,54, 5:41,,6,0,12,33, 4:42,
508,508,,109,Middle School,508,05:32,3,1,0,17,5, 3:43,,CO,43,,12-0063,,9,0,8,55, 5:29,,9,0,9,49, 5:18,
2,2,,229,Middle School,2,05:30,3,16,0,2,90, 5:27,,CA,1,,12-1162,,8,0,9,50, 1:48,,16,0,2,89, 5:28,
179,179,,169,Middle School,179,04:01,3,9,0,9,48, 4:01,,CO,14,,12-2709,,8,0,9,50, 1:38,,13,0,5,71, 4:01,
425,425,,127,Middle School,425,04:39,3,0,0,18,0, 0:24,,CA,91,,12-1994,,7,0,10,44, 2:17,,15,0,3,83, 1:50,
240,240,,157,Middle School,240,04:50,3,10,0,8,56, 1:44,,NC,1,,12-0189,,6,0,11,36, 3:03,,12,0,6,65, 3:39,
55,55,,189,Middle School,55,04:07,3,14,0,4,77, 3:48,,CA,23,,12-5096,,5,0,12,30, 0:45,,15,0,3,82, 4:07,
402,402,,132,Middle School,402,04:14,3,9,1,9,45, 4:11,,CA,83,,12-0362,,5,0,12,32, 3:06,,11,1,7,55, 4:14,
650,650,,65,Middle School,650,03:34,2,,,,,,,CA,149,,12-5094,,5,0,12,30, 3:34,,7,0,11,35, 3:07,
180,180,M,169,Middle School,180,05:26,3,11,0,7,62, 3:38,,CA,48,,12-5221,,3,0,14,18, 1:44,M,16,0,2,89, 5:05,
478,478,,115,Middle School,478,01:41,2,,,,,,,CA,102,,12-6022,,3,0,14,20, 0:23,,17,0,1,95, 1:41,
530,530,,105,Middle School,530,03:44,3,9,0,9,51, 3:40,,CA,120,,12-5095,,2,0,15,12, 1:40,,8,0,10,42, 3:43,
244,244,,157,Middle School,244,05:43,3,13,0,5,72, 5:20,,CA,55,,12-1163,,1,0,16,6, 1:09,,14,0,4,79, 5:43,
177,177,T,171,Middle School,177,06:02,3,14,0,4,77, 6:02,T,CA,47,,12-1934,,0,0,17,0, 0:01,,17,0,1,94, 5:45,
301,301,,149,Middle School,301,05:38,3,11,0,7,61, 4:47,,CA,64,,12-4646,,0,0,17,0, 1:46,,16,0,2,88, 5:37,
414,414,,129,Middle School,414,05:28,3,10,0,8,56, 5:28,,CA,89,,12-5223,,0,0,17,0, 0:15,,13,0,5,73, 5:27,
527,527,,106,Middle School,527,05:36,3,10,1,8,50, 5:36,,CA,119,,12-4656,,0,0,17,0, 0:28,,10,0,8,56, 5:36,
601,601,,82,Middle School,601,03:42,3,6,0,12,33, 3:41,,CA,141,,12-5093,,0,0,17,0, 0:01,,9,0,9,49, 3:42,
211,211,A,162,Middle School,211,05:11,2,15,0,3,84, 5:10,,CAN,3,,12-0741,,,,,,,,,,,,,
247,247,A,156,Middle School,247,05:15,2,15,0,3,83, 5:08,,CAN,5,,12-0742,,,,,,,,,,,,,
225,225,TA,161,Middle School,225,06:08,2,14,0,4,78, 1:49,,CAN,4,,12-4770,,,,,,,,15,0,3,83, 6:08,T
302,302,A,149,Middle School,302,04:39,2,14,0,4,78, 4:23,,CAN,7,,12-2235,,,,,,,,,,,,,
299,299,A,149,Middle School,299,04:42,2,12,0,6,65, 4:41,,CAN,6,,12-2246,,,,,,,,,,,,,
360,360,A,140,Middle School,360,04:44,2,11,0,7,61, 4:44,,CAN,8,,12-2247,,,,,,,,,,,,,
575,575,A,91,Middle School,575,04:40,2,11,0,7,61, 2:29,,CAN,20,,12-2251,,,,,,,,,,,,,
451,451,A,123,Middle School,451,05:54,2,10,0,8,56, 5:53,,CAN,11,,12-6425,,,,,,,,,,,,,
475,475,A,117,Middle School,475,05:15,2,10,0,8,56, 5:00,,CAN,14,,12-2236,,,,,,,,,,,,,
457,457,A,121,Middle School,457,04:47,2,9,0,9,48, 4:17,,CAN,12,,12-2234,,,,,,,,,,,,,
499,499,A,110,Middle School,499,04:20,2,9,0,9,50, 4:20,,CAN,16,,12-7420,,,,,,,,,,,,,
501,501,A,110,Middle School,501,04:37,2,9,0,9,49, 3:23,,CAN,17,,12-2245,,,,,,,,,,,,,
476,476,A,116,Middle School,476,04:40,2,8,0,10,44, 1:57,,CAN,15,,12-2252,,,,,,,,,,,,,
512,512,A,108,Middle School,512,04:29,2,8,0,10,42, 3:27,,CAN,18,,12-6467,,,,,,,,,,,,,
680,680,A,49,Middle School,680,03:52,2,8,0,10,44, 3:51,,CAN,24,,12-4806,,,,,,,,,,,,,
611,611,A,78,Middle School,611,03:46,2,7,1,11,32, 3:11,,CAN,21,,12-6466,,,,,,,,,,,,,
707,707,A,25,Middle School,707,04:31,2,3,0,15,15, 0:29,,CAN,28,,12-4807,,,,,,,,,,,,,
677,677,A,50,Middle School,677,03:38,2,0,0,18,0, 0:43,,CAN,23,,12-6473,,,,,,,,,,,,,
10,10,,200,Middle School,10,01:39,2,18,0,0,100, 1:39,,CA,5,,12-1929,,,,,,,,18,0,0,100, 1:35,
11,11,,200,Middle School,11,01:55,2,18,0,0,100, 1:53,,CA,6,,12-1657,,,,,,,,18,0,0,100, 1:55,
12,12,,200,Middle School,12,02:52,2,18,0,0,100, 2:52,,CA,7,,12-1928,,,,,,,,18,0,0,100, 1:29,
13,13,,200,Middle School,13,03:01,2,18,0,0,100, 3:00,,GA,1,GBMS,12-3239,,,,,,,,18,0,0,100, 3:00,
14,14,,200,Middle School,14,03:53,2,18,0,0,100, 3:53,,CA,8,,12-3341,,,,,,,,18,0,0,100, 2:42,
15,15,,200,Middle School,15,03:56,2,18,0,0,100, 3:56,,GA,2,GMS,12-0155,,,,,,,,18,0,0,100, 1:48,
16,16,,200,Middle School,16,04:04,2,18,0,0,100, 4:04,,CA,9,,12-3340,,,,,,,,18,0,0,100, 3:37,
17,17,,200,Middle School,17,04:35,2,18,0,0,100, 4:29,,GA,3,,12-0039,,,,,,,,18,0,0,100, 3:21,
18,18,,200,Middle School,18,04:41,2,18,0,0,100, 3:57,,GA,4,,12-0040,,,,,,,,18,0,0,100, 4:41,
19,19,,200,Middle School,19,04:39,2,18,0,0,100, 4:39,,CA,10,,12-3339,,,,,,,,18,0,0,100, 4:05,
20,20,,200,Middle School,20,05:03,2,18,0,0,100, 5:03,,MO,1,,12-1165,,,,,,,,18,0,0,100, 4:36,
21,21,,200,Middle School,21,05:03,2,18,0,0,100, 5:03,,CA,11,,12-3338,,,,,,,,18,0,0,100, 3:50,
22,22,,200,Middle School,22,05:23,2,18,0,0,100, 5:23,,MO,2,,12-1164,,,,,,,,18,0,0,100, 5:22,
23,23,,200,Middle School,23,05:29,2,18,0,0,100, 5:29,,MO,3,,12-0619,,,,,,,,18,0,0,100, 5:04,
24,24,,200,Middle School,24,05:33,2,18,0,0,100, 5:33,,GA,5,GBMS,12-3237,,,,,,,,18,0,0,100, 4:25,
25,25,,200,Middle School,25,05:37,2,18,0,0,100, 5:37,,MO,4,,12-0618,,,,,,,,18,0,0,100, 5:04,
26,26,T,200,Middle School,26,22:11,2,18,0,0,100, 3:13,,CA,12,,12-3203,,,,,,,,18,0,0,100,22:11,T
27,27,,195,Middle School,27,05:10,2,17,0,1,95, 5:10,,FL,2,,12-0526,,,,,,,,18,0,0,100, 2:36,
28,28,,195,Middle School,28,04:47,2,17,0,1,95, 4:47,,RI,1,,12-1073,,,,,,,,18,0,0,100, 3:04,
29,29,,195,Middle School,29,05:30,2,17,0,1,95, 5:30,,NV,1,,12-1781,,,,,,,,18,0,0,100, 3:07,
30,30,,195,Middle School,30,05:31,2,17,0,1,95, 5:14,,TX,3,,12-0798,,,,,,,,18,0,0,100, 4:55,
31,31,,195,Middle School,31,05:07,2,17,0,1,95, 5:02,,KS,1,,12-5527,,,,,,,,18,0,0,100, 4:20,
32,32,,195,Middle School,32,05:10,2,17,0,1,95, 5:10,,RI,2,,12-1074,,,,,,,,18,0,0,100, 3:04,
33,33,,195,Middle School,33,04:13,2,17,0,1,95, 2:04,,TN,1,,12-4964,,,,,,,,18,0,0,100, 2:06,
34,34,,195,Middle School,34,04:30,2,17,0,1,95, 4:29,,CA,13,,12-3967,,,,,,,,18,0,0,100, 2:04,
35,35,,195,Middle School,35,04:59,2,17,0,1,95, 4:59,,CA,14,,12-0740,,,,,,,,18,0,0,100, 2:53,
36,36,,195,Middle School,36,05:47,2,18,0,0,100, 5:16,,CO,2,,12-0054,,,,,,,,17,0,1,95, 5:47,
37,37,,195,Middle School,37,05:59,2,17,0,1,95, 5:56,,CA,15,,12-0351,,,,,,,,18,0,0,100, 4:15,
38,38,,195,Middle School,38,05:58,2,17,0,1,95, 5:58,,VA,1,,12-1205,,,,,,,,18,0,0,100, 5:31,
39,39,,195,Middle School,39,05:43,2,18,0,0,100, 4:18,,CA,16,,12-6853,,,,,,,,17,0,1,95, 5:27,
40,40,,195,Middle School,40,05:49,2,17,0,1,95, 5:49,,OH,1,,12-0010,,,,,,,,18,0,0,100, 5:15,
41,41,,194,Middle School,41,05:21,2,17,0,1,94, 5:17,,CA,17,,12-2481,,,,,,,,18,0,0,100, 5:21,
42,42,,194,Middle School,42,05:17,2,17,0,1,94, 5:17,,CA,18,,12-0144,,,,,,,,18,0,0,100, 2:05,
43,43,,194,Middle School,43,04:44,2,17,0,1,94, 4:40,,CA,19,,12-0153,,,,,,,,18,0,0,100, 3:34,
44,44,,194,Middle School,44,05:50,2,17,0,1,94, 5:50,,AL,1,,12-0910,,,,,,,,18,0,0,100, 1:27,
45,45,,194,Middle School,45,05:53,2,18,0,0,100, 5:10,,NJ,1,,12-0062,,,,,,,,17,0,1,94, 5:29,
46,46,,194,Middle School,46,05:39,2,18,0,0,100, 5:38,,AL,2,,12-1354,,,,,,,,17,0,1,94, 5:39,
47,47,,194,Middle School,47,05:54,2,17,0,1,94, 5:54,,GA,6,GBMS,12-3238,,,,,,,,18,0,0,100, 4:11,
48,48,,194,Middle School,48,05:52,2,17,0,1,94, 5:51,,CA,20,,12-2766,,,,,,,,18,0,0,100, 2:36,
49,49,,194,Middle School,49,06:00,2,17,0,1,94, 6:00,,CA,21,,12-4605,,,,,,,,18,0,0,100, 5:44,
50,50,,194,Middle School,50,05:47,2,17,0,1,94, 5:42,,VA,2,,12-0191,,,,,,,,18,0,0,100, 5:02,
52,52,,190,Middle School,52,03:24,2,16,0,2,90, 3:22,,CA,22,,12-2484,,,,,,,,18,0,0,100, 1:32,
53,53,,190,Middle School,53,05:07,2,17,0,1,95, 5:07,,GA,7,,12-0873,,,,,,,,17,0,1,95, 5:07,
54,54,,189,Middle School,54,01:39,2,17,0,1,94, 1:29,,OH,2,,12-1188,,,,,,,,17,0,1,95, 1:11,
56,56,,189,Middle School,56,05:58,2,17,0,1,95, 5:58,,TX,5,,12-1688,,,,,,,,17,0,1,94, 5:38,
57,57,,189,Middle School,57,04:01,2,16,0,2,89, 4:01,,CA,24,,12-2842,,,,,,,,18,0,0,100, 2:02,
58,58,,189,Middle School,58,05:47,2,16,0,2,89, 5:47,,TX,6,,12-6225,,,,,,,,18,0,0,100, 5:30,
59,59,,189,Middle School,59,04:24,2,16,0,2,89, 4:24,,LA,1,,12-1667,,,,,,,,18,0,0,100, 4:17,
60,60,,189,Middle School,60,04:27,2,16,0,2,89, 4:25,,TX,7,,12-1619,,,,,,,,18,0,0,100, 4:27,
61,61,,189,Middle School,61,04:25,2,16,0,2,89, 4:25,,TX,8,,12-4773,,,,,,,,18,0,0,100, 4:23,
62,62,,189,Middle School,62,04:44,2,16,0,2,89, 4:44,,MD,1,,12-2732,,,,,,,,18,0,0,100, 3:14,
63,63,,189,Middle School,63,05:43,2,16,0,2,89, 5:43,,CA,25,,12-1658,,,,,,,,18,0,0,100, 3:19,
64,64,,189,Middle School,64,05:48,2,16,0,2,89, 5:48,,CA,26,,12-3433,,,,,,,,18,0,0,100, 4:21,
65,65,,189,Middle School,65,05:39,2,17,0,1,94, 5:38,,PA,1,,12-5816,,,,,,,,17,0,1,95, 5:39,
66,66,,189,Middle School,66,05:48,2,16,0,2,89, 5:48,,MD,2,,12-6037,,,,,,,,18,0,0,100, 5:43,
67,67,,189,Middle School,67,05:41,2,17,0,1,94, 5:26,,TX,9,,12-1599,,,,,,,,17,0,1,95, 5:41,
68,68,,188,Middle School,68,05:40,2,17,0,1,94, 5:40,,CA,27,,12-1933,,,,,,,,17,0,1,94, 5:05,
69,69,,188,Middle School,69,05:56,2,17,0,1,94, 5:56,,CA,28,,12-1930,,,,,,,,17,0,1,94, 5:56,
70,70,,184,Middle School,70,01:12,2,17,0,1,95, 1:20,,CA,29,,12-1673,,,,,,,,1,0,17,8, 1:20,
71,71,,184,Middle School,71,03:33,2,15,0,3,84, 2:45,,KY,1,,12-1017,,,,,,,,18,0,0,100, 3:31,
72,72,,184,Middle School,72,05:38,2,16,0,2,89, 5:38,,CA,30,,12-2026,,,,,,,,17,0,1,95, 5:19,
73,73,,184,Middle School,73,05:45,2,15,0,3,84, 5:44,,CAN,1,,12-0655,,,,,,,,18,0,0,100, 2:37,
74,74,,184,Middle School,74,05:57,2,16,0,2,89, 5:57,,KS,2,,12-3568,,,,,,,,17,0,1,95, 5:57,
75,75,,184,Middle School,75,05:39,2,17,0,1,95, 5:34,,TX,10,,12-2741,,,,,,,,16,0,2,89, 5:39,
76,76,,184,Middle School,76,05:01,2,17,0,1,95, 4:35,,TX,11,,12-5467,,,,,,,,16,0,2,89, 5:01,
77,77,,184,Middle School,77,05:31,2,17,0,1,95, 5:30,,FL,3,,12-0404,,,,,,,,16,0,2,89, 5:29,
78,78,,184,Middle School,78,05:48,2,15,0,3,84, 5:48,,TX,12,,12-1185,,,,,,,,18,0,0,100, 2:37,
79,79,M,184,Middle School,79,05:33,2,15,0,3,84, 5:32,M,GA,8,,12-0874,,,,,,,,18,0,0,100, 5:30,
80,80,,184,Middle School,80,05:47,2,16,0,2,89, 5:34,,CO,3,,12-4339,,,,,,,,17,0,1,95, 5:47,
81,81,,184,Middle School,81,05:53,2,16,0,2,89, 5:47,,KS,3,,12-3569,,,,,,,,17,0,1,95, 5:53,
82,82,,184,Middle School,82,05:38,2,16,0,2,89, 5:38,,CO,4,,12-0033,,,,,,,,17,0,1,95, 5:38,
83,83,,184,Middle School,83,05:54,2,16,0,2,89, 5:54,,FL,4,,12-3526,,,,,,,,17,0,1,95, 5:54,
84,84,,184,Middle School,84,05:54,2,16,0,2,89, 5:43,,CO,5,,12-0032,,,,,,,,17,0,1,95, 5:54,
85,85,,183,Middle School,85,02:18,2,17,0,1,94, 2:18,,MN,1,,12-6100,,,,,,,,16,0,2,89, 2:18,
86,86,,183,Middle School,86,03:09,2,16,0,2,89, 3:18,,PA,2,,12-5820,,,,,,,,17,0,1,94, 3:18,
87,87,,183,Middle School,87,02:58,2,16,0,2,88, 3:07,,CA,31,,12-2483,,,,,,,,18,0,0,100, 1:50,
88,88,,183,Middle School,88,02:59,2,15,0,3,83, 3:10,,NJ,2,,12-1031,,,,,,,,18,0,0,100, 2:58,
89,89,,183,Middle School,89,03:07,2,16,0,2,89, 3:06,,LA,2,,12-2816,,,,,,,,17,0,1,94, 3:07,
90,90,,183,Middle School,90,03:08,2,16,0,2,89, 3:08,,LA,3,,12-1531,,,,,,,,17,0,1,94, 3:08,
91,91,,183,Middle School,91,05:13,2,15,0,3,83, 5:13,,AL,3,,12-0021,,,,,,,,18,0,0,100, 3:37,
92,92,,183,Middle School,92,05:22,2,17,0,1,94, 5:15,,GA,9,Senior Scripters,12-1306,,,,,,,,16,0,2,89, 5:22,
93,93,,183,Middle School,93,04:44,2,15,0,3,83, 4:44,,LA,4,,12-1785,,,,,,,,18,0,0,100, 4:44,
94,94,,183,Middle School,94,05:14,2,15,0,3,83, 5:14,,AL,4,,12-0022,,,,,,,,18,0,0,100, 4:15,
95,95,,183,Middle School,95,05:34,2,16,0,2,89, 5:34,,CA,32,,12-6449,,,,,,,,17,0,1,94, 5:33,
96,96,,183,Middle School,96,05:33,2,15,0,3,83, 5:33,,MO,5,,12-0620,,,,,,,,18,0,0,100, 5:07,
97,97,,183,Middle School,97,05:13,2,15,0,3,83, 5:03,,MO,6,,12-1167,,,,,,,,18,0,0,100, 5:13,
98,98,,183,Middle School,98,05:48,2,15,0,3,83, 5:48,,AL,5,,12-0912,,,,,,,,18,0,0,100, 3:24,
99,99,,182,Middle School,99,05:50,2,16,0,2,88, 5:50,,CA,33,,12-3996,,,,,,,,17,0,1,94, 5:25,
100,100,,182,Middle School,100,05:48,2,16,0,2,88, 5:45,,CO,6,,12-1261,,,,,,,,17,0,1,94, 5:48,
101,101,,179,Middle School,101,04:11,2,15,0,3,84, 4:05,,CA,34,,12-1569,,,,,,,,17,0,1,95, 4:11,
102,102,,179,Middle School,102,05:07,2,17,0,1,94, 5:07,,CA,35,,12-3342,,,,,,,,15,0,3,85, 4:43,
103,103,,179,Middle School,103,05:18,2,15,1,3,79, 5:18,,WA,1,,12-0483,,,,,,,,18,0,0,100, 3:04,
104,104,,178,Middle School,104,02:19,2,16,0,2,89, 1:55,,OH,3,,12-1190,,,,,,,,16,0,2,89, 2:19,
105,105,,178,Middle School,105,04:43,2,15,0,3,83, 4:42,,MD,3,,12-5297,,,,,,,,17,0,1,95, 4:43,
106,106,,178,Middle School,106,03:13,2,16,0,2,89, 3:06,,WV,2,,12-4169,,,,,,,,18,0,0,100, 2:38,
107,107,M,178,Middle School,107,03:08,2,16,0,2,89, 3:06,,LA,5,,12-2815,,,,,,,,17,1,1,89, 3:08,M
108,108,,178,Middle School,108,05:20,2,17,0,1,95, 5:13,,WY,1,,12-0627,,,,,,,,15,0,3,83, 5:18,
109,109,,178,Middle School,109,05:55,2,14,0,4,78, 5:55,,MN,2,,12-3319,,,,,,,,18,0,0,100, 4:10,
110,110,,178,Middle School,110,04:53,2,17,1,1,89, 4:51,,GA,10,RMS,12-3744,,,,,,,,16,0,2,89, 4:53,
111,111,,178,Middle School,111,05:47,2,15,0,3,83, 5:45,,UT,1,,12-4611,,,,,,,,17,0,1,95, 5:46,
112,112,,178,Middle School,112,05:43,2,16,0,2,89, 5:43,,HI,1,,12-2623,,,,,,,,16,0,2,89, 5:43,
113,113,,178,Middle School,113,04:41,2,15,0,3,84, 4:41,,GA,11,,12-1106,,,,,,,,17,0,1,94, 4:40,
114,114,,178,Middle School,114,05:16,2,15,0,3,83, 5:16,,AL,6,,12-0020,,,,,,,,18,1,0,95, 4:53,
115,115,,178,Middle School,115,05:22,2,15,0,3,84, 5:19,,TN,2,,12-2782,,,,,,,,17,0,1,94, 5:06,
116,116,,178,Middle School,116,05:52,2,14,0,4,78, 5:52,,FL,5,,12-0482,,,,,,,,18,0,0,100, 5:52,
117,117,,178,Middle School,117,05:45,2,15,0,3,84, 5:45,,HI,2,,12-3846,,,,,,,,17,0,1,94, 5:44,
118,118,,178,Middle School,118,05:50,2,15,0,3,83, 5:50,,UT,2,,12-5318,,,,,,,,17,0,1,95, 5:50,
119,119,,178,Middle School,119,05:28,2,14,0,4,78, 5:28,,OH,4,,12-2718,,,,,,,,18,0,0,100, 5:18,
120,120,,178,Middle School,120,05:34,2,15,0,3,83, 5:34,,AL,7,,12-0613,,,,,,,,17,0,1,95, 5:31,
121,121,,178,Middle School,121,05:47,2,15,0,3,83, 5:41,,TX,13,,12-1213,,,,,,,,17,0,1,95, 5:47,
122,122,,178,Middle School,122,05:31,2,16,0,2,89, 5:30,,PA,3,,12-5818,,,,,,,,16,0,2,89, 5:31,
123,123,,178,Middle School,123,05:53,2,15,0,3,83, 5:53,,CA,36,,12-0152,,,,,,,,17,0,1,95, 5:42,
124,124,,178,Middle School,124,05:56,2,15,0,3,83, 5:55,,CO,7,,12-6069,,,,,,,,17,0,1,95, 5:56,
125,125,,178,Middle School,125,05:47,2,15,0,3,83, 5:47,,NJ,3,,12-5050,,,,,,,,17,0,1,95, 5:41,
126,126,,178,Middle School,126,05:55,2,16,0,2,89, 5:55,,AL,8,,12-2808,,,,,,,,16,0,2,89, 5:52,
127,127,,178,Middle School,127,05:56,2,15,0,3,83, 5:56,,CO,8,,12-3175,,,,,,,,17,0,1,95, 5:55,
128,128,,178,Middle School,128,05:59,2,15,0,3,83, 5:59,,CO,9,,12-3178,,,,,,,,17,0,1,95, 5:54,
129,129,,177,Middle School,129,02:27,2,15,0,3,83, 2:27,,CA,37,,12-7266,,,,,,,,17,0,1,94, 2:27,
130,130,,177,Middle School,130,05:30,2,15,0,3,83, 5:30,,CA,38,,12-2480,,,,,,,,17,0,1,94, 5:25,
131,131,,177,Middle School,131,05:58,2,17,0,1,95, 5:51,,OK,1,,12-0017,,,,,,,,15,0,3,82, 5:58,
132,132,,177,Middle School,132,05:49,2,14,0,4,77, 5:46,,CA,39,,12-0356,,,,,,,,18,0,0,100, 4:16,
133,133,,177,Middle School,133,05:51,2,15,0,3,83, 5:43,,CA,40,,12-0150,,,,,,,,17,0,1,94, 5:51,
134,134,,177,Middle School,134,04:57,2,16,0,2,88, 4:55,,GA,12,RMS,12-3743,,,,,,,,16,0,2,89, 4:51,
135,135,,177,Middle School,135,05:58,2,16,0,2,89, 5:56,,AL,9,,12-1352,,,,,,,,16,0,2,88, 5:58,
136,136,,176,Middle School,136,05:45,2,15,0,3,82, 5:13,,CO,10,,12-2911,,,,,,,,17,0,1,94, 5:45,
137,137,,174,Middle School,137,05:27,2,15,0,3,84, 5:27,,FL,6,,12-0527,,,,,,,,16,0,2,90, 5:26,
138,138,,173,Middle School,138,00:23,2,17,0,1,95, 0:36,,CA,41,,12-2805,,,,,,,,16,0,2,89, 0:36,
139,139,,173,Middle School,139,05:36,2,15,0,3,83, 5:34,,TX,14,,12-5428,,,,,,,,16,0,2,90, 5:36,
140,140,,173,Middle School,140,04:32,2,15,0,3,84, 4:27,,TX,15,,12-1618,,,,,,,,16,0,2,89, 4:32,
141,141,,173,Middle School,141,05:18,2,15,0,3,84, 5:11,,CO,11,,12-7043,,,,,,,,16,0,2,89, 5:17,
142,142,,173,Middle School,142,05:45,2,14,0,4,78, 4:06,,HI,3,,12-3597,,,,,,,,17,0,1,95, 5:42,
143,143,,173,Middle School,143,05:30,2,15,1,3,79, 5:26,,WA,2,,12-0484,,,,,,,,17,0,1,94, 5:30,
144,144,,173,Middle School,144,05:31,2,16,0,2,89, 5:26,,CA,42,,12-5862,,,,,,,,15,0,3,84, 5:31,
145,145,,173,Middle School,145,05:43,2,15,0,3,84, 4:00,,MN,3,,12-1087,,,,,,,,16,0,2,89, 5:43,
146,146,,172,Middle School,146,05:22,2,14,0,4,77, 5:22,,GA,13,Dark_Knights.exe,12-1307,,,,,,,,17,0,1,95, 5:14,
147,147,,172,Middle School,147,03:11,2,15,0,3,84, 3:11,,LA,6,,12-5442,,,,,,,,16,0,2,88, 3:14,
148,148,,172,Middle School,148,03:49,2,15,0,3,84, 1:33,,MI,1,,12-5653,,,,,,,,16,0,2,88, 1:26,
149,149,,172,Middle School,149,04:42,2,13,0,5,72, 4:40,,VA,3,,12-3148,,,,,,,,18,0,0,100, 3:26,
150,150,,172,Middle School,150,04:44,2,14,0,4,78, 4:44,,VA,4,,12-5310,,,,,,,,17,0,1,94, 4:40,
151,151,,172,Middle School,151,05:10,2,14,0,4,77, 5:10,,GA,14,Cyber.Bytes_Intellect,12-1308,,,,,,,,17,0,1,95, 5:08,
152,152,,172,Middle School,152,05:50,2,14,0,4,78, 5:42,,SC,1,,12-0055,,,,,,,,17,0,1,94, 5:50,
153,153,,172,Middle School,153,05:53,2,13,0,5,72, 5:52,,AL,10,,12-2811,,,,,,,,18,0,0,100, 5:01,
154,154,,172,Middle School,154,05:54,2,14,0,4,77, 5:54,,MD,4,,12-6036,,,,,,,,17,0,1,95, 5:54,
155,155,,172,Middle School,155,05:42,2,14,0,4,77, 5:41,,CAN,2,,12-0704,,,,,,,,17,0,1,95, 5:42,
156,156,,172,Middle School,156,04:40,2,13,0,5,72, 4:40,,MD,5,,12-2731,,,,,,,,18,0,0,100, 4:37,
157,157,,172,Middle School,157,05:10,2,14,0,4,78, 3:43,,WA,3,,12-4191,,,,,,,,17,0,1,94, 4:57,
158,158,,172,Middle School,158,05:06,2,15,0,3,83, 5:05,,RI,3,,12-2725,,,,,,,,16,0,2,89, 4:40,
159,159,,172,Middle School,159,05:54,2,17,0,1,95, 5:54,,LA,7,,12-1784,,,,,,,,14,0,4,77, 5:54,
160,160,,172,Middle School,160,05:46,2,15,0,3,83, 5:46,,HI,4,,12-0221,,,,,,,,16,0,2,89, 5:43,
161,161,,172,Middle School,161,05:57,2,15,0,3,83, 5:27,,OK,2,,12-0018,,,,,,,,16,0,2,89, 5:57,
162,162,,172,Middle School,162,05:30,2,14,0,4,77, 5:30,,AL,11,,12-0911,,,,,,,,17,0,1,95, 5:30,
163,163,,172,Middle School,163,05:12,2,14,0,4,78, 3:32,,SC,2,,12-6203,,,,,,,,17,0,1,94, 5:12,
164,164,,172,Middle School,164,05:39,2,15,0,3,83, 5:39,,NV,2,,12-1573,,,,,,,,16,0,2,89, 5:39,
165,165,,172,Middle School,165,05:31,2,15,0,3,83, 5:16,,NJ,4,,12-5020,,,,,,,,16,0,2,89, 5:31,
166,166,,172,Middle School,166,05:58,2,15,0,3,83, 5:56,,GA,15,LMS,12-3545,,,,,,,,16,0,2,89, 5:58,
167,167,,172,Middle School,167,05:56,2,13,0,5,72, 5:56,,CO,12,,12-1782,,,,,,,,18,0,0,100, 5:49,
168,168,,172,Middle School,168,06:00,2,17,0,1,95, 5:58,,ID,1,,12-4476,,,,,,,,14,0,4,77, 6:00,
169,169,,172,Middle School,169,05:59,2,15,0,3,84, 5:58,,AL,12,,12-1351,,,,,,,,16,0,2,88, 5:58,
170,170,,172,Middle School,170,05:59,2,13,0,5,72, 5:59,,CO,13,,12-3826,,,,,,,,18,0,0,100, 4:08,
171,171,,171,Middle School,171,03:04,2,16,0,2,88, 3:18,,VA,5,,12-6127,,,,,,,,15,0,3,83, 3:19,
172,172,,171,Middle School,172,05:56,2,14,0,4,77, 5:56,,OK,3,,12-0016,,,,,,,,17,0,1,94, 5:52,
173,173,,171,Middle School,173,05:54,2,15,0,3,82, 5:54,,CA,43,,12-2859,,,,,,,,16,0,2,89, 5:54,
174,174,,171,Middle School,174,05:42,2,14,0,4,77, 5:42,,CA,44,,12-6443,,,,,,,,17,0,1,94, 5:41,
175,175,,171,Middle School,175,05:42,2,15,0,3,83, 5:36,,CA,45,,12-0804,,,,,,,,16,0,2,88, 5:34,
176,176,,171,Middle School,176,05:48,2,14,0,4,77, 5:46,,CA,46,,12-0148,,,,,,,,17,0,1,94, 5:48,
178,178,,170,Middle School,178,04:23,2,14,0,4,75, 4:22,,FL,7,,12-3220,,,,,,,,17,0,1,95, 4:23,
181,181,,167,Middle School,181,04:46,2,14,0,4,78, 4:46,,OH,5,,12-1682,,,,,,,,16,0,2,89, 4:46,
182,182,,167,Middle School,182,03:20,2,13,0,5,72, 3:19,,MI,2,,12-0969,,,,,,,,17,0,1,95, 3:20,
183,183,,167,Middle School,183,05:14,2,15,0,3,83, 5:14,,AL,13,,12-2758,,,,,,,,15,0,3,84, 5:14,
184,184,,167,Middle School,184,05:45,2,15,0,3,83, 5:45,,CO,15,,12-4340,,,,,,,,15,0,3,84, 5:45,
185,185,,167,Middle School,185,05:50,2,13,0,5,73, 5:49,,AZ,1,,12-5705,,,,,,,,17,0,1,94, 5:50,
186,186,,167,Middle School,186,05:42,2,14,0,4,78, 5:42,,CO,16,,12-3657,,,,,,,,16,0,2,89, 5:37,
187,187,,166,Middle School,187,02:02,2,14,0,4,78, 2:22,,TX,16,,12-1212,,,,,,,,16,0,2,88, 2:23,
188,188,,166,Middle School,188,05:42,2,15,0,3,83, 5:35,,CA,49,,12-0228,,,,,,,,15,0,3,83, 5:42,
189,189,,166,Middle School,189,04:26,2,15,0,3,83, 4:26,,CA,50,,12-1594,,,,,,,,15,0,3,83, 4:22,
190,190,,166,Middle School,190,04:49,2,13,0,5,72, 4:42,,VA,6,,12-3147,,,,,,,,17,0,1,94, 4:05,
191,191,,166,Middle School,191,05:05,2,15,0,3,83, 5:05,,GA,16,Code Red,12-1309,,,,,,,,15,0,3,83, 5:02,
192,192,,166,Middle School,192,05:31,2,14,0,4,77, 5:31,,TX,17,,12-5406,,,,,,,,16,0,2,89, 5:29,
193,193,,166,Middle School,193,05:21,2,13,0,5,72, 5:21,,GA,17,,12-0102,,,,,,,,17,0,1,94, 5:13,
194,194,,166,Middle School,194,05:58,2,14,0,4,78, 5:58,,WA,4,,12-6116,,,,,,,,16,0,2,88, 5:57,
195,195,,166,Middle School,195,05:41,2,14,0,4,77, 5:41,,TX,18,,12-1215,,,,,,,,16,0,2,89, 5:41,
196,196,,166,Middle School,196,05:45,2,14,0,4,77, 5:45,,FL,8,,12-0528,,,,,,,,16,0,2,89, 4:33,
197,197,,166,Middle School,197,05:31,2,13,0,5,71, 5:13,,CO,17,,12-3660,,,,,,,,17,0,1,95, 5:31,
198,198,,166,Middle School,198,05:23,2,15,0,3,83, 5:08,,FL,9,,12-3216,,,,,,,,15,0,3,83, 5:23,
199,199,,166,Middle School,199,05:44,2,15,0,3,83, 5:43,,CO,18,,12-3176,,,,,,,,15,0,3,83, 5:44,
200,200,,166,Middle School,200,05:55,2,14,0,4,78, 5:55,,AZ,2,,12-5713,,,,,,,,16,0,2,88, 5:55,
201,201,,166,Middle School,201,05:43,2,14,0,4,77, 5:42,,TX,19,,12-1624,,,,,,,,16,0,2,89, 5:43,
202,202,,166,Middle School,202,05:57,2,14,0,4,78, 5:57,,CO,19,,12-3497,,,,,,,,16,0,2,88, 5:57,
203,203,,166,Middle School,203,05:52,2,15,0,3,83, 5:52,,CO,20,,12-5129,,,,,,,,15,0,3,83, 5:41,
204,204,,165,Middle School,204,05:11,2,14,0,4,77, 4:57,,CA,51,,12-0806,,,,,,,,16,0,2,88, 5:08,
205,205,,165,Middle School,205,05:39,2,14,0,4,76, 5:39,,TX,20,,12-2166,,,,,,,,16,0,2,89, 5:39,
206,206,,165,Middle School,206,05:26,2,15,0,3,82, 5:25,,CA,52,,12-1920,,,,,,,,15,0,3,83, 5:18,
207,207,M,165,Middle School,207,05:55,2,15,0,3,82, 5:37,M,GA,18,LMS,12-3546,,,,,,,,15,0,3,83, 5:55,M
208,208,,164,Middle School,208,05:42,2,15,0,3,85, 5:42,,TX,21,,12-1186,,,,,,,,14,0,4,79, 5:41,
209,209,,162,Middle School,209,05:18,2,13,0,5,73, 5:18,,SC,3,,12-4919,,,,,,,,16,0,2,89, 5:18,
210,210,,162,Middle School,210,04:31,2,16,0,2,89, 4:29,,CO,21,,12-1356,,,,,,,,14,1,4,73, 4:28,
212,212,,161,Middle School,212,02:01,2,15,0,3,83, 2:23,,TX,22,,12-1184,,,,,,,,17,0,1,95, 2:24,
213,213,,161,Middle School,213,03:13,2,12,0,6,67, 3:36,,TX,23,,12-1622,,,,,,,,17,0,1,94, 3:31,
214,214,,161,Middle School,214,02:23,2,12,0,6,67, 2:19,,IL,1,,12-4076,,,,,,,,17,0,1,94, 2:23,
215,215,,161,Middle School,215,03:11,2,14,0,4,78, 3:11,,LA,8,,12-5441,,,,,,,,15,0,3,83, 3:11,
216,216,,161,Middle School,216,03:05,2,12,0,6,66, 2:58,,OH,6,,12-1189,,,,,,,,17,0,1,95, 2:57,
217,217,,161,Middle School,217,04:28,2,13,0,5,72, 4:28,,LA,9,,12-1894,,,,,,,,16,0,2,89, 4:10,
218,218,,161,Middle School,218,04:26,2,13,0,5,73, 4:21,,CO,22,,12-0027,,,,,,,,16,0,2,88, 4:26,
219,219,,161,Middle School,219,04:58,2,13,0,5,72, 4:56,,RI,4,,12-7487,,,,,,,,16,0,2,89, 4:58,
220,220,,161,Middle School,220,05:31,2,13,0,5,72, 5:28,,ID,2,,12-4575,,,,,,,,16,0,2,89, 5:31,
221,221,,161,Middle School,221,05:46,2,13,0,5,72, 5:46,,OH,7,,12-2576,,,,,,,,16,0,2,89, 5:45,
222,222,,161,Middle School,222,05:57,2,15,0,3,83, 5:57,,AL,14,,12-2315,,,,,,,,14,0,4,78, 5:12,
223,223,,161,Middle School,223,05:38,2,14,0,4,78, 2:54,,FL,10,,12-3999,,,,,,,,15,0,3,83, 5:38,
224,224,,161,Middle School,224,05:43,2,12,0,6,66, 5:43,,TX,24,,12-1631,,,,,,,,17,0,1,95, 5:43,
226,226,T,161,Middle School,226,06:04,2,14,0,4,78, 4:09,,CT,1,,12-4037,,,,,,,,15,0,3,83, 6:04,T
227,227,,160,Middle School,227,03:07,2,12,0,6,65, 3:24,,VA,7,,12-5105,,,,,,,,17,0,1,95, 3:31,
228,228,,160,Middle School,228,03:14,2,12,0,6,66, 3:35,,TX,25,,12-1623,,,,,,,,17,0,1,94, 3:35,
229,229,,160,Middle School,229,05:51,2,14,0,4,77, 5:50,,HI,5,,12-5099,,,,,,,,15,0,3,83, 5:51,
230,230,,160,Middle School,230,05:45,2,12,0,6,66, 5:15,,CO,23,,12-3040,,,,,,,,17,0,1,94, 5:45,
231,231,,160,Middle School,231,05:48,2,15,0,3,83, 5:48,,SC,4,,12-3008,,,,,,,,14,0,4,77, 5:48,
232,232,,160,Middle School,232,05:05,2,14,0,4,78, 5:03,,VA,8,,12-6482,,,,,,,,15,0,3,82, 5:05,
233,233,,160,Middle School,233,05:24,2,14,0,4,77, 4:58,,GA,19,,12-0876,,,,,,,,15,0,3,83, 5:24,
234,234,,160,Middle School,234,05:31,2,15,0,3,83, 5:19,,AL,15,,12-5965,,,,,,,,14,0,4,77, 5:26,
235,235,T,160,Middle School,235,06:02,2,14,0,4,77, 5:59,,AL,16,,12-2314,,,,,,,,15,0,3,83, 6:02,T
236,236,,159,Middle School,236,05:37,2,14,0,4,78, 5:36,,CA,53,,12-0808,,,,,,,,15,1,3,81, 5:33,
237,237,,159,Middle School,237,04:44,2,14,0,4,77, 4:43,,CO,24,,12-4875,,,,,,,,15,0,3,82, 4:43,
238,238,,158,Middle School,238,05:08,2,13,0,5,73, 5:08,,CA,54,,12-0805,,,,,,,,15,0,3,85, 5:08,
239,239,,158,Middle School,239,05:47,2,12,0,6,68, 5:45,,ID,3,,12-2705,,,,,,,,16,0,2,90, 5:47,
241,241,,157,Middle School,241,04:36,2,12,0,6,67, 4:31,,RI,5,,12-5742,,,,,,,,16,0,2,90, 4:36,
242,242,,157,Middle School,242,05:17,2,11,0,7,57, 4:45,,TX,26,,12-6376,,,,,,,,18,0,0,100, 5:17,
243,243,,157,Middle School,243,05:33,2,13,0,5,73, 1:22,,TX,27,,12-3735,,,,,,,,15,0,3,84, 5:33,
245,245,,156,Middle School,245,01:57,2,14,0,4,78, 2:23,,TX,28,,12-1183,,,,,,,,15,0,3,83, 2:20,
246,246,,156,Middle School,246,04:44,2,11,0,7,61, 2:58,,CA,56,,12-1449,,,,,,,,17,0,1,95, 4:44,
248,248,,156,Middle School,248,05:11,2,12,0,6,66, 5:11,,LA,10,,12-1668,,,,,,,,16,0,2,90, 5:11,
249,249,,156,Middle School,249,05:58,2,14,0,4,78, 4:42,,NC,2,,12-5300,,,,,,,,14,0,4,78, 5:44,
250,250,,156,Middle School,250,05:17,2,14,0,4,78, 5:17,,CA,57,,12-6173,,,,,,,,14,0,4,78, 5:13,
251,251,,156,Middle School,251,05:31,2,15,2,3,73, 5:31,,PA,4,,12-5815,,,,,,,,15,0,3,83, 5:31,
252,252,,156,Middle School,252,06:00,2,12,0,6,67, 5:56,,AL,17,,12-2316,,,,,,,,16,0,2,89, 6:00,
253,253,,155,Middle School,253,03:12,2,14,0,4,77, 3:39,,VA,9,,12-7464,,,,,,,,17,0,1,95, 3:38,
254,254,,155,Middle School,254,04:08,2,12,0,6,66, 2:49,,GA,20,,12-0875,,,,,,,,16,0,2,89, 4:08,
255,255,,155,Middle School,255,04:50,2,13,0,5,72, 4:48,,FL,11,,12-4091,,,,,,,,15,0,3,83, 4:50,
256,256,,155,Middle School,256,05:41,2,13,0,5,71, 5:41,,TX,29,,12-2164,,,,,,,,15,0,3,84, 5:40,
257,257,,155,Middle School,257,05:32,2,14,0,4,77, 5:32,,TX,30,,12-3932,,,,,,,,14,0,4,78, 5:32,
258,258,,155,Middle School,258,05:43,2,14,0,4,78, 5:43,,LA,11,,12-1783,,,,,,,,14,0,4,77, 5:42,
259,259,,155,Middle School,259,05:08,2,14,0,4,77, 3:46,,MI,3,,12-6169,,,,,,,,14,0,4,78, 5:08,
260,260,,155,Middle School,260,05:47,2,13,1,5,67, 5:38,,TX,31,,12-3482,,,,,,,,16,0,2,88, 5:47,
261,261,,155,Middle School,261,05:30,2,13,0,5,72, 3:50,,TN,3,,12-2780,,,,,,,,15,0,3,83, 4:50,
262,262,,155,Middle School,262,06:00,2,13,0,5,72, 1:34,,TX,32,,12-1415,,,,,,,,15,0,3,83, 6:00,
263,263,,154,Middle School,263,03:00,2,13,0,5,71, 3:25,,SC,5,,12-0128,,,,,,,,16,0,2,89, 3:25,
264,264,,154,Middle School,264,03:18,2,14,0,4,77, 3:16,,NM,1,,12-4675,,,,,,,,14,0,4,77, 3:18,
266,266,,154,Middle School,266,04:22,2,13,0,5,71, 4:22,,FL,12,,12-3221,,,,,,,,15,0,3,83, 4:22,
267,267,,154,Middle School,267,05:00,2,14,0,4,77, 5:00,,HI,6,,12-5098,,,,,,,,14,0,4,77, 4:59,
268,268,,154,Middle School,268,05:31,2,14,0,4,77, 5:26,,AL,18,,12-0614,,,,,,,,14,0,4,77, 5:31,
269,269,,154,Middle School,269,05:33,2,15,0,3,83, 5:31,,CO,25,,12-3659,,,,,,,,13,0,5,71, 5:33,
270,270,M,154,Middle School,270,05:32,2,14,0,4,75, 5:32,M,MD,6,,12-2107,,,,,,,,14,0,4,79, 4:24,
271,271,,154,Middle School,271,05:37,2,12,0,6,65, 5:35,,AL,19,,12-0611,,,,,,,,16,0,2,89, 5:37,
272,272,,154,Middle School,272,05:31,2,12,0,6,66, 5:28,,CO,26,,12-0034,,,,,,,,16,0,2,88, 5:31,
273,273,,154,Middle School,273,05:41,2,13,0,5,71, 5:41,,CO,27,,12-0035,,,,,,,,15,0,3,83, 5:20,
274,274,,153,Middle School,274,05:51,2,12,0,6,65, 5:42,,UT,3,,12-5320,,,,,,,,16,0,2,88, 5:51,
275,275,,152,Middle School,275,05:22,2,14,0,4,78, 5:05,,TN,4,,12-3348,,,,,,,,13,0,5,74, 5:22,
276,276,,152,Middle School,276,05:42,2,12,0,6,67, 5:37,,CA,58,,12-3965,,,,,,,,15,0,3,85, 5:42,
277,277,,151,Middle School,277,05:38,2,13,0,5,72, 5:37,,AL,20,,12-5348,,,,,,,,14,0,4,79, 5:38,
278,278,,151,Middle School,278,04:32,2,12,0,6,67, 4:31,,CA,59,,12-2580,,,,,,,,15,0,3,84, 4:32,
279,279,,151,Middle School,279,05:43,2,14,0,4,78, 5:41,,FL,13,,12-5125,,,,,,,,13,0,5,73, 5:21,
280,280,,151,Middle School,280,05:25,2,11,0,7,61, 5:19,,AL,21,,12-2809,,,,,,,,16,0,2,90, 5:25,
281,281,,151,Middle School,281,04:41,2,12,0,6,67, 4:41,,RI,6,,12-6015,,,,,,,,15,0,3,84, 4:31,
282,282,,151,Middle School,282,05:57,2,10,0,8,56, 5:40,,CA,60,,12-0410,,,,,,,,17,0,1,95, 5:57,
283,283,,151,Middle School,283,05:44,2,10,0,8,57, 5:17,,MO,7,,12-3486,,,,,,,,17,0,1,94, 5:44,
284,284,,150,Middle School,284,03:12,2,14,1,4,73, 3:42,,MD,7,,12-7293,,,,,,,,15,0,3,83, 3:38,
285,285,,150,Middle School,285,03:12,2,11,0,7,61, 3:38,,TX,34,,12-1629,,,,,,,,16,0,2,89, 3:38,
286,286,,150,Middle School,286,04:47,2,13,0,5,72, 4:47,,CO,28,,12-5128,,,,,,,,14,0,4,78, 4:47,
287,287,,150,Middle School,287,04:12,2,12,0,6,66, 3:48,,GA,21,,12-0877,,,,,,,,15,0,3,84, 3:28,
288,288,,150,Middle School,288,04:18,2,13,0,5,73, 4:18,,TX,35,,12-6353,,,,,,,,14,0,4,77, 4:07,
289,289,,150,Middle School,289,05:29,2,12,0,6,67, 4:13,,IL,2,,12-3133,,,,,,,,15,0,3,83, 5:29,
290,290,,150,Middle School,290,05:33,2,12,0,6,67, 5:29,,CA,61,,12-0807,,,,,,,,15,0,3,83, 5:33,
291,291,,150,Middle School,291,05:42,2,13,0,5,73, 5:42,,AL,22,,12-1355,,,,,,,,14,0,4,77, 5:40,
292,292,T,150,Middle School,292,06:02,2,11,0,7,62, 5:56,,TX,36,,12-1690,,,,,,,,16,0,2,88, 6:02,T
293,293,,150,Middle School,293,05:53,2,13,0,5,72, 4:21,,ID,4,,12-3896,,,,,,,,14,0,4,78, 5:38,
294,294,,149,Middle School,294,03:56,2,13,0,5,72, 3:54,,CA,62,,12-1729,,,,,,,,14,0,4,77, 3:54,
295,295,T,149,Middle School,295,07:23,2,12,0,6,66, 4:00,,NJ,5,,12-3085,,,,,,,,15,0,3,83, 7:23,T
296,296,,149,Middle School,296,05:41,2,13,0,5,72, 5:40,,MN,4,,12-2739,,,,,,,,14,0,4,77, 5:29,
297,297,,149,Middle School,297,04:56,2,13,0,5,72, 4:56,,HI,7,,12-2028,,,,,,,,14,0,4,77, 4:55,
298,298,,149,Middle School,298,04:04,2,12,0,6,66, 4:04,,FL,14,,12-1987,,,,,,,,15,0,3,83, 4:03,
300,300,,149,Middle School,300,05:34,2,11,0,7,61, 5:32,,CA,63,,12-4658,,,,,,,,16,0,2,88, 5:34,
303,303,,149,Middle School,303,04:56,2,14,0,4,78, 4:55,,RI,7,,12-1773,,,,,,,,13,0,5,71, 4:10,
304,304,,149,Middle School,304,05:54,2,10,0,8,55, 5:53,,TX,37,,12-6385,,,,,,,,17,0,1,94, 5:54,
305,305,,149,Middle School,305,05:36,2,12,0,6,66, 5:10,,CA,65,,12-0414,,,,,,,,15,0,3,83, 5:14,
306,306,,149,Middle School,306,05:57,2,13,0,5,71, 5:50,,AL,23,,12-0924,,,,,,,,14,0,4,78, 5:57,
307,307,,149,Middle School,307,05:54,2,14,0,4,78, 5:54,,AZ,3,,12-5714,,,,,,,,13,0,5,71, 4:20,
308,308,,149,Middle School,308,05:59,2,11,0,7,60, 5:58,,KS,4,,12-5150,,,,,,,,16,0,2,89, 5:58,
309,309,M,149,Middle School,309,06:00,2,10,0,8,55, 5:53,M,GA,22,LMS,12-3544,,,,,,,,17,0,1,94, 6:00,
310,310,,148,Middle School,310,03:07,2,15,0,3,83, 3:36,,PA,5,,12-5819,,,,,,,,15,0,3,83, 3:37,
311,311,,148,Middle School,311,05:47,2,14,0,4,77, 5:44,,NC,3,,12-2517,,,,,,,,13,0,5,71, 5:47,
312,312,,148,Middle School,312,04:58,2,12,0,6,66, 4:46,,CO,29,,12-1720,,,,,,,,15,0,3,82, 4:57,
313,313,,148,Middle School,313,05:49,2,13,0,5,71, 5:00,,AL,24,,12-1353,,,,,,,,14,0,4,77, 5:49,
314,314,,148,Middle School,314,05:32,2,12,0,6,65, 5:32,,CA,66,,12-6766,,,,,,,,15,0,3,83, 5:32,
315,315,,148,Middle School,315,05:14,2,13,0,5,72, 5:13,,SC,6,,12-6202,,,,,,,,14,0,4,76, 5:12,
316,316,,148,Middle School,316,05:11,2,13,0,5,71, 5:11,,CO,30,,12-5453,,,,,,,,14,0,4,77, 5:08,
317,317,,148,Middle School,317,05:54,2,13,0,5,71, 5:54,,TX,38,,12-6242,,,,,,,,14,0,4,77, 5:54,
318,318,,147,Middle School,318,04:46,2,13,0,5,71, 4:41,,GA,23,GMS,12-0149,,,,,,,,14,0,4,76, 4:21,
319,319,,147,Middle School,319,05:41,2,13,0,5,70, 5:22,,PA,6,,12-0774,,,,,,,,14,0,4,77, 5:41,
320,320,,146,Middle School,320,05:17,2,12,0,6,67, 5:14,,SC,7,,12-0115,,,,,,,,14,0,4,79, 5:17,
321,321,,146,Middle School,321,04:53,2,12,1,6,58, 4:47,,TX,39,,12-1689,,,,,,,,16,0,2,88, 4:53,
322,322,,145,Middle School,322,02:44,2,12,0,6,67, 1:10,,TX,40,,12-3918,,,,,,,,14,0,4,78, 1:27,
323,323,,145,Middle School,323,03:00,2,13,0,5,72, 3:34,,MI,4,,12-1039,,,,,,,,15,0,3,83, 3:33,
324,324,,145,Middle School,324,05:00,2,12,0,6,67, 5:00,,CO,31,,12-5144,,,,,,,,14,0,4,78, 4:49,
325,325,,145,Middle School,325,04:26,2,12,0,6,66, 3:56,,LA,12,,12-3908,,,,,,,,16,2,2,79, 4:26,
326,326,,145,Middle School,326,05:53,2,12,0,6,67, 5:53,,HI,8,,12-0823,,,,,,,,14,0,4,78, 5:49,
327,327,,145,Middle School,327,05:01,2,13,0,5,72, 4:38,,CO,32,,12-5134,,,,,,,,13,0,5,73, 4:59,
328,328,,145,Middle School,328,05:37,2,10,0,8,56, 5:33,,NV,3,,12-1572,,,,,,,,16,0,2,89, 5:37,
329,329,,145,Middle School,329,05:55,2,12,0,6,67, 4:55,,NJ,6,,12-5514,,,,,,,,14,0,4,78, 5:54,
330,330,,144,Middle School,330,04:59,2,12,0,6,66, 4:59,,GA,24,,12-0038,,,,,,,,14,0,4,78, 4:46,
331,331,,144,Middle School,331,04:28,2,11,0,7,61, 4:28,,LA,13,,12-3911,,,,,,,,15,0,3,83, 4:20,
332,332,,144,Middle School,332,05:11,2,11,1,7,54, 5:11,,RI,8,,12-2726,,,,,,,,16,0,2,90, 5:08,
333,333,,144,Middle School,333,04:53,2,12,0,6,68, 4:53,,RI,9,,12-5799,,,,,,,,14,0,4,76, 4:53,
334,334,,144,Middle School,334,05:32,2,12,0,6,67, 2:54,,CA,67,,12-4669,,,,,,,,14,0,4,77, 5:31,
335,335,,144,Middle School,335,05:53,2,12,0,6,66, 5:42,,CA,68,,12-0832,,,,,,,,14,0,4,78, 5:51,
336,336,,144,Middle School,336,05:54,2,14,1,4,72, 5:53,,HI,9,,12-2027,,,,,,,,13,0,5,72, 5:54,
337,337,,143,Middle School,337,04:23,2,13,0,5,72, 4:22,,FL,15,,12-5625,,,,,,,,13,0,5,71, 4:23,
338,338,,143,Middle School,338,03:19,2,11,0,7,60, 2:51,,CT,2,,12-2035,,,,,,,,15,0,3,83, 3:19,
339,339,,143,Middle School,339,05:28,2,11,0,7,60, 5:28,,NJ,7,,12-5042,,,,,,,,15,0,3,83, 5:15,
340,340,,143,Middle School,340,04:31,2,11,0,7,61, 2:19,,CO,33,,12-5130,,,,,,,,15,0,3,82, 4:30,
341,341,,143,Middle School,341,04:57,2,11,0,7,60, 4:57,,CO,34,,12-5145,,,,,,,,15,0,3,83, 4:57,
342,342,,143,Middle School,342,05:49,2,12,0,6,66, 4:59,,HI,10,,12-1953,,,,,,,,14,0,4,77, 5:49,
343,343,,143,Middle School,343,05:50,2,11,0,7,60, 4:59,,NV,4,,12-0234,,,,,,,,15,0,3,83, 5:50,
344,344,,143,Middle School,344,05:30,2,11,0,7,61, 5:30,,CA,69,,12-6767,,,,,,,,15,0,3,82, 5:28,
345,345,,143,Middle School,345,05:29,2,13,0,5,72, 5:29,,TX,41,,12-5405,,,,,,,,13,0,5,71, 5:29,
347,347,,143,Middle School,347,05:45,2,11,0,7,60, 5:45,,AZ,4,,12-1578,,,,,,,,15,0,3,83, 5:45,
348,348,,143,Middle School,348,05:36,2,11,0,7,60, 5:36,,GA,25,,12-6692,,,,,,,,15,0,3,83, 5:15,
349,349,,143,Middle School,349,05:48,2,12,0,6,66, 5:43,,CA,70,,12-4660,,,,,,,,14,0,4,77, 5:48,
350,350,,142,Middle School,350,05:46,2,12,0,6,65, 5:31,,SC,8,,12-3009,,,,,,,,14,0,4,77, 5:32,
351,351,,142,Middle School,351,05:52,2,12,0,6,65, 5:52,,CA,71,,12-5537,,,,,,,,14,0,4,77, 5:40,
352,352,,142,Middle School,352,05:39,2,12,0,6,66, 2:20,,FL,16,,12-6270,,,,,,,,14,0,4,76, 2:05,
353,353,,141,Middle School,353,01:56,2,11,0,7,62, 1:22,,TX,42,,12-5528,,,,,,,,14,0,4,79, 1:56,
354,354,,141,Middle School,354,05:50,2,13,1,5,68, 5:50,,MO,8,,12-2754,,,,,,,,13,0,5,73, 3:00,
355,355,,141,Middle School,355,05:07,2,12,0,6,68, 3:54,,CA,72,,12-3127,,,,,,,,13,0,5,73, 4:42,
356,356,,141,Middle School,356,05:06,2,9,0,9,52, 5:06,,RI,10,,12-3435,,,,,,,,16,0,2,89, 5:03,
357,357,,141,Middle School,357,05:32,2,12,0,6,67, 5:13,,TN,5,,12-2510,,,,,,,,13,0,5,74, 5:32,
358,358,,140,Middle School,358,02:18,2,10,0,8,57, 2:53,,MD,8,,12-4564,,,,,,,,17,0,1,95, 2:30,
359,359,M,140,Middle School,359,05:40,2,13,2,5,63, 5:17,,CA,73,,12-6747,,,,,,,,14,0,4,77, 5:40,M
361,361,,140,Middle School,361,05:29,2,12,0,6,67, 5:04,,GA,26,CMS,12-3503,,,,,,,,13,0,5,73, 5:29,
362,362,,140,Middle School,362,04:55,2,9,0,9,51, 4:53,,RI,11,,12-3434,,,,,,,,16,0,2,89, 4:55,
363,363,,140,Middle School,363,05:20,2,12,0,6,68, 5:18,,SC,9,,12-6200,,,,,,,,13,0,5,72, 5:20,
364,364,,140,Middle School,364,05:49,2,12,0,6,67, 5:46,,TX,43,,12-4915,,,,,,,,13,0,5,73, 5:49,
365,365,,139,Middle School,365,02:06,2,13,0,5,72, 2:05,,TX,44,,12-4070,,,,,,,,12,0,6,67, 2:06,
366,366,,139,Middle School,366,04:23,2,10,0,8,56, 4:23,,GA,27,,12-1107,,,,,,,,15,0,3,83, 3:55,
367,367,,139,Middle School,367,05:16,2,9,0,9,45, 4:36,,TX,45,,12-6389,,,,,,,,17,0,1,94, 4:45,
368,368,,139,Middle School,368,05:01,2,13,0,5,72, 4:53,,RI,12,,12-1772,,,,,,,,12,0,6,67, 5:01,
369,369,,139,Middle School,369,05:52,2,11,0,7,61, 4:03,,ID,5,,12-2969,,,,,,,,14,0,4,78, 5:52,
370,370,,138,Middle School,370,01:04,2,11,0,7,61, 1:42,,MD,9,,12-0285,,,,,,,,14,0,4,77, 1:42,
371,371,,138,Middle School,371,01:13,2,14,0,4,78, 1:49,,NC,4,,12-2935,,,,,,,,13,0,5,71, 1:48,
372,372,,138,Middle School,372,01:57,2,11,0,7,59, 1:27,,TX,46,,12-3035,,,,,,,,14,0,4,79, 1:57,
373,373,,138,Middle School,373,05:28,2,11,0,7,61, 5:12,,CA,74,,12-2621,,,,,,,,14,0,4,77, 5:28,
374,374,T,138,Middle School,374,08:03,2,11,1,7,56, 4:56,,MD,10,,12-3201,,,,,,,,15,0,3,82, 8:03,T
375,375,,138,Middle School,375,05:33,2,11,1,7,55, 5:23,,CO,36,,12-0036,,,,,,,,15,0,3,83, 5:33,
376,376,,138,Middle School,376,05:48,2,11,2,7,50, 5:46,,HI,11,,12-3847,,,,,,,,16,0,2,88, 5:48,
377,377,M,138,Middle School,377,05:57,2,12,0,6,66, 5:57,M,FL,17,,12-6340,,,,,,,,13,0,5,72, 5:55,M
378,378,,137,Middle School,378,00:46,2,12,0,6,66, 1:24,,CA,75,,12-2486,,,,,,,,14,0,4,77, 1:24,
379,379,,137,Middle School,379,04:46,2,11,0,7,60, 4:46,,TN,6,,12-2841,,,,,,,,14,0,4,77, 4:46,
380,380,,137,Middle School,380,05:58,2,12,0,6,66, 5:57,,CA,76,,12-7354,,,,,,,,13,0,5,71, 2:57,
381,381,,136,Middle School,381,05:45,2,12,0,6,65, 5:45,,FL,18,,12-0481,,,,,,,,13,0,5,71, 5:45,
382,382,,135,Middle School,382,05:06,2,12,0,6,67, 5:06,,CA,77,,12-2045,,,,,,,,13,1,5,68, 5:06,
383,383,,135,Middle School,383,05:17,2,13,0,5,69, 5:12,,GA,28,CMS,12-1602,,,,,,,,13,1,5,66, 5:17,
384,384,,135,Middle School,384,05:04,2,12,0,6,67, 1:49,,CA,78,,12-6419,,,,,,,,12,0,6,68, 4:46,
385,385,,135,Middle School,385,05:52,2,10,0,8,56, 5:52,,AZ,5,,12-5711,,,,,,,,14,0,4,79, 5:52,
386,386,,134,Middle School,386,01:04,2,12,0,6,67, 1:42,,OR,1,,12-0648,,,,,,,,15,0,3,83, 1:43,
387,387,,134,Middle School,387,02:49,2,11,0,7,61, 2:48,,TX,47,,12-3916,,,,,,,,13,0,5,73, 2:49,
388,388,,134,Middle School,388,03:57,2,12,0,6,67, 3:52,,NJ,8,,12-1698,,,,,,,,12,0,6,67, 3:57,
389,389,,134,Middle School,389,05:42,2,12,0,6,67, 5:42,,AZ,6,,12-0393,,,,,,,,12,0,6,67, 5:42,
390,390,,134,Middle School,390,05:42,2,11,0,7,61, 5:33,,CA,79,,12-4250,,,,,,,,13,0,5,73, 5:42,
391,391,,134,Middle School,391,04:45,2,11,0,7,61, 4:35,,CA,80,,12-1446,,,,,,,,13,0,5,73, 3:52,
392,392,,134,Middle School,392,05:09,2,12,0,6,67, 3:35,,MI,5,,12-4906,,,,,,,,12,0,6,67, 5:09,
393,393,,134,Middle School,393,05:33,2,11,0,7,61, 5:28,,CAN,9,,12-0703,,,,,,,,13,0,5,73, 5:33,
394,394,,133,Middle School,394,01:54,2,12,0,6,67, 2:26,,TX,48,,12-1214,,,,,,,,15,0,3,83, 2:34,
395,395,T,133,Middle School,395,06:01,2,11,0,7,61, 2:17,,WI,1,,12-0763,,,,,,,,13,0,5,72, 6:01,T
396,396,,133,Middle School,396,05:17,2,10,0,8,55, 5:17,,CA,81,,12-1922,,,,,,,,14,0,4,78, 5:15,
397,397,,133,Middle School,397,05:32,2,11,0,7,60, 5:32,,CO,37,,12-3658,,,,,,,,13,0,5,73, 5:22,
398,398,,133,Middle School,398,05:10,2,11,0,7,60, 5:10,,NJ,9,,12-5018,,,,,,,,13,0,5,73, 5:08,
399,399,,133,Middle School,399,05:20,2,13,0,5,72, 5:10,,FL,19,,12-3217,,,,,,,,11,0,7,61, 5:06,
400,400,,133,Middle School,400,05:26,2,10,0,8,56, 5:25,,CA,82,,12-4755,,,,,,,,14,0,4,77, 5:26,
401,401,M,133,Middle School,401,05:28,2,11,0,7,61, 5:28,M,GA,29,LMS,12-3857,,,,,,,,13,0,5,72, 5:28,
403,403,,132,Middle School,403,05:31,2,11,0,7,60, 5:18,,NJ,10,,12-0492,,,,,,,,13,0,5,72, 5:30,
404,404,,131,Middle School,404,05:50,2,11,0,7,60, 5:44,,CA,84,,12-0986,,,,,,,,13,0,5,71, 5:50,
405,405,,131,Middle School,405,05:35,2,13,0,5,71, 5:30,,CA,85,,12-2044,,,,,,,,11,0,7,60, 5:35,
406,406,,131,Middle School,406,05:59,2,9,0,9,47, 3:07,,UT,4,,12-5763,,,,,,,,15,0,3,84, 5:57,
407,407,,131,Middle School,407,05:33,2,10,0,8,54, 5:33,,CA,86,,12-5273,,,,,,,,14,0,4,77, 5:29,
408,408,,131,Middle School,408,05:40,2,11,1,7,57, 3:04,,CA,87,,12-1596,,,,,,,,13,0,5,74, 5:40,
409,409,,131,Middle School,409,05:49,2,11,0,7,61, 5:41,,MN,5,,12-2549,,,,,,,,13,0,5,70, 5:49,
410,410,,130,Middle School,410,03:04,2,9,0,9,47, 2:58,,GA,30,GMS,12-0147,,,,,,,,15,0,3,83, 3:04,
411,411,,130,Middle School,411,03:11,2,13,1,5,71, 2:21,,CA,88,,12-4433,,,,,,,,11,0,7,59, 3:11,
412,412,,129,Middle School,412,02:58,2,12,0,6,66, 3:25,,SC,10,,12-4603,,,,,,,,13,0,5,74, 3:40,
413,413,,129,Middle School,413,03:29,2,11,0,7,62, 3:27,,KS,5,,12-4198,,,,,,,,12,0,6,67, 3:29,
415,415,,129,Middle School,415,04:09,2,10,0,8,56, 4:04,,LA,14,,12-3910,,,,,,,,13,0,5,73, 4:09,
416,416,,129,Middle School,416,05:30,2,11,0,7,62, 1:35,,NH,1,,12-5680,,,,,,,,12,0,6,67, 5:29,
417,417,,129,Middle School,417,05:08,2,11,0,7,61, 4:54,,TN,7,,12-2781,,,,,,,,12,0,6,68, 5:00,
418,418,,129,Middle School,418,05:35,2,10,0,8,56, 5:35,,CA,90,,12-4647,,,,,,,,13,0,5,73, 5:33,
419,419,,128,Middle School,419,05:34,2,11,0,7,61, 5:27,,CAN,10,,12-4324,,,,,,,,12,0,6,67, 5:34,
420,420,,128,Middle School,420,05:42,2,8,0,10,44, 5:40,,TX,49,,12-2167,,,,,,,,15,0,3,84, 5:40,
421,421,,128,Middle School,421,05:50,2,10,0,8,56, 5:49,,TX,50,,12-5426,,,,,,,,13,0,5,72, 5:49,
422,422,,127,Middle School,422,02:57,2,12,0,6,65, 2:52,,MI,6,,12-1040,,,,,,,,13,0,5,73, 3:40,
423,423,,127,Middle School,423,05:15,2,10,0,8,55, 5:10,,IN,1,,12-6427,,,,,,,,14,1,4,72, 5:15,
424,424,,127,Middle School,424,04:46,2,11,0,7,63, 4:44,,RI,13,,12-2723,,,,,,,,11,0,7,64, 4:42,
426,426,,127,Middle School,426,05:52,2,12,2,6,54, 5:52,,WI,2,,12-7267,,,,,,,,14,1,4,73, 5:47,
427,427,,126,Middle School,427,06:00,2,9,0,9,49, 6:00,,CA,92,,12-5076,,,,,,,,14,0,4,77, 6:00,
428,428,T,126,Middle School,428,11:19,2,11,0,7,63,11:18,T,CA,93,,12-6748,,,,,,,,11,0,7,63, 5:18,
429,429,,126,Middle School,429,05:30,2,11,0,7,60, 5:29,,TX,51,,12-5401,,,,,,,,12,0,6,66, 5:30,
430,430,T,126,Middle School,430,06:02,2,10,0,8,53, 4:33,,TX,52,,12-3485,,,,,,,,13,0,5,73, 6:02,T
431,431,,125,Middle School,431,03:13,2,12,0,6,66, 3:49,,WV,3,,12-4170,,,,,,,,17,0,1,94, 3:56,
432,432,,125,Middle School,432,04:39,2,12,0,6,66, 4:39,,VA,10,,12-5311,,,,,,,,11,0,7,59, 4:39,
433,433,,125,Middle School,433,05:23,2,11,0,7,60, 5:23,,CO,38,,12-1230,,,,,,,,12,0,6,65, 5:13,
434,434,,125,Middle School,434,05:31,2,9,0,9,47, 5:26,,TN,8,,12-3349,,,,,,,,14,0,4,78, 5:31,
435,435,,125,Middle School,435,05:05,2,12,0,6,66, 5:05,,FL,20,,12-3215,,,,,,,,11,0,7,59, 2:00,
436,436,,125,Middle School,436,05:32,2,10,0,8,54, 5:32,,CA,94,,12-4485,,,,,,,,13,0,5,71, 5:14,
437,437,,125,Middle School,437,05:47,2,9,2,9,37, 2:49,,TX,53,,12-5341,,,,,,,,16,0,2,88, 5:47,
438,438,,124,Middle School,438,00:58,2,10,0,8,53, 0:42,,PA,7,,12-0775,,,,,,,,13,0,5,71, 0:58,
439,439,,124,Middle School,439,02:35,2,11,0,7,61, 2:32,,NM,2,,12-4673,,,,,,,,11,0,7,63, 2:35,
440,440,T,124,Middle School,440,06:08,2,8,0,10,43, 3:18,,CO,39,,12-0026,,,,,,,,15,0,3,81, 6:08,T
441,441,,124,Middle School,441,04:11,2,8,0,10,46, 4:11,,MD,11,,12-2296,,,,,,,,14,0,4,78, 3:01,
442,442,,124,Middle School,442,04:46,2,10,0,8,57, 4:46,,CA,95,,12-1447,,,,,,,,12,0,6,67, 4:46,
443,443,,124,Middle School,443,05:47,2,8,0,10,45, 5:47,,TX,54,,12-7259,,,,,,,,14,0,4,79, 5:34,
444,444,,124,Middle School,444,05:44,2,11,0,7,58, 5:38,,CO,40,,12-2502,,,,,,,,12,0,6,66, 5:44,
445,445,,123,Middle School,445,02:35,2,11,1,7,57, 2:35,,AR,1,,12-4832,,,,,,,,14,2,4,66, 2:33,
446,446,M,123,Middle School,446,05:51,2,10,0,8,56, 5:50,M,CA,96,,12-4668,,,,,,,,12,0,6,67, 5:51,M
447,447,,123,Middle School,447,04:32,2,8,0,10,46, 3:46,,TX,55,,12-1555,,,,,,,,14,0,4,77, 4:30,
448,448,,123,Middle School,448,05:38,2,11,0,7,61, 5:36,,OH,8,,12-2575,,,,,,,,11,0,7,62, 5:30,
449,449,,123,Middle School,449,05:14,2,13,0,5,73, 5:01,,OH,9,,12-6835,,,,,,,,9,0,9,50, 5:14,
450,450,,123,Middle School,450,05:47,2,11,0,7,62, 2:22,,CA,97,,12-7269,,,,,,,,11,0,7,61, 2:46,
452,452,,122,Middle School,452,05:40,2,10,0,8,56, 5:38,,CA,98,,12-6708,,,,,,,,12,0,6,66, 5:40,
453,453,,122,Middle School,453,04:26,2,10,0,8,56, 4:26,,CA,99,,12-5892,,,,,,,,12,0,6,66, 2:34,
454,454,,121,Middle School,454,05:45,2,10,0,8,56, 5:45,,CT,3,,12-4036,,,,,,,,12,0,6,65, 5:05,
455,455,,121,Middle School,455,04:43,2,12,0,6,66, 4:43,,GA,31,GMS,12-0154,,,,,,,,10,0,8,55, 3:18,
456,456,,121,Middle School,456,04:03,2,11,0,7,60, 4:02,,NJ,11,,12-3084,,,,,,,,11,0,7,61, 4:03,
458,458,,121,Middle School,458,05:16,2,11,1,7,54, 5:16,,CAN,13,,12-4323,,,,,,,,12,0,6,67, 5:16,
459,459,,121,Middle School,459,05:25,2,13,0,5,71, 5:25,,TX,56,,12-4894,,,,,,,,9,0,9,50, 3:32,
460,460,,121,Middle School,460,05:47,2,8,0,10,42, 5:31,,AL,25,,12-2810,,,,,,,,14,0,4,79, 5:47,
461,461,,120,Middle School,461,02:49,2,9,0,9,47, 2:46,,TX,57,,12-3917,,,,,,,,13,0,5,73, 2:49,
462,462,,120,Middle School,462,03:38,2,12,0,6,68, 3:11,,AR,2,,12-3696,,,,,,,,11,2,7,52, 3:38,
463,463,,120,Middle School,463,03:47,2,8,0,10,41, 3:07,,HI,12,,12-5081,,,,,,,,14,0,4,79, 3:47,
464,464,,120,Middle School,464,05:43,2,11,0,7,60, 5:43,,TX,58,,12-5779,,,,,,,,11,0,7,60, 5:43,
465,465,,119,Middle School,465,05:33,2,9,0,9,49, 4:19,,NH,2,,12-5681,,,,,,,,13,0,5,70, 5:33,
466,466,,119,Middle School,466,05:36,2,9,0,9,51, 5:36,,SC,11,,12-2190,,,,,,,,12,0,6,68, 5:34,
467,467,,118,Middle School,467,04:01,2,9,0,9,50, 4:01,,NJ,12,,12-1697,,,,,,,,12,0,6,68, 3:57,
468,468,,118,Middle School,468,04:08,2,10,2,8,42, 3:56,,CO,41,,12-2426,,,,,,,,14,0,4,76, 4:08,
469,469,,118,Middle School,469,05:42,2,9,0,9,51, 5:41,,NJ,13,,12-4632,,,,,,,,12,0,6,67, 5:42,
470,470,,118,Middle School,470,05:48,2,9,0,9,48, 5:43,,TX,59,,12-3481,,,,,,,,13,0,5,70, 5:48,
471,471,,118,Middle School,471,06:00,2,10,0,8,56, 6:00,,CA,100,,12-5077,,,,,,,,11,0,7,62, 6:00,
472,472,T,117,Middle School,472,42:18:00,2,10,0,8,54,42:18:00,T,IL,3,,12-4074,,,,,,,,11,0,7,63, 2:19,
473,473,,117,Middle School,473,04:06,2,11,0,7,61, 2:28,,CA,101,,12-5092,,,,,,,,11,1,7,56, 4:03,
474,474,,117,Middle School,474,05:46,2,11,0,7,61, 4:30,,TX,60,,12-4912,,,,,,,,10,0,8,56, 5:46,
477,477,,116,Middle School,477,03:49,2,11,0,7,61, 3:44,,WA,5,,12-4599,,,,,,,,10,0,8,55, 3:49,
479,479,,115,Middle School,479,04:29,2,9,0,9,49, 4:28,,AP,1,,12-5079,,,,,,,,12,0,6,66, 4:29,
480,480,,115,Middle School,480,05:24,2,11,2,7,50, 5:23,,AL,26,,12-0733,,,,,,,,12,0,6,65, 5:24,
482,482,,114,Middle School,482,05:21,2,9,0,9,49, 5:21,,CA,103,,12-5220,,,,,,,,12,0,6,65, 4:21,
483,483,T,114,Middle School,483,25:45:00,2,9,0,9,49,25:39:00,T,CA,104,,12-2479,,,,,,,,12,0,6,65,25:45:00,T
484,484,,113,Middle School,484,05:23,2,9,0,9,50, 5:20,,CA,105,,12-1598,,,,,,,,11,0,7,63, 5:17,
485,485,,113,Middle School,485,05:55,2,10,0,8,54, 5:55,,TX,61,,12-6239,,,,,,,,11,0,7,59, 5:55,
486,486,,113,Middle School,486,05:47,2,8,0,10,43, 2:30,,LA,15,,12-3401,,,,,,,,13,0,5,70, 5:47,
487,487,,113,Middle School,487,05:29,2,9,0,9,51, 3:22,,NM,3,,12-4633,,,,,,,,11,0,7,62, 5:29,
488,488,,113,Middle School,488,05:31,2,11,1,7,53, 5:30,,CA,106,,12-2583,,,,,,,,11,0,7,60, 5:31,
489,489,,112,Middle School,489,05:07,2,9,0,9,51, 5:07,,MO,9,,12-0561,,,,,,,,11,0,7,61, 4:15,
490,490,,112,Middle School,490,04:34,2,12,0,6,67, 4:04,,TX,62,,12-1554,,,,,,,,8,0,10,45, 4:31,
491,491,,111,Middle School,491,02:47,2,7,0,11,39, 1:41,,HI,13,,12-2687,,,,,,,,13,0,5,72, 2:47,
492,492,,111,Middle School,492,03:37,2,8,0,10,40, 3:33,,GA,32,GMS,12-0151,,,,,,,,13,0,5,71, 3:37,
493,493,,111,Middle School,493,05:22,2,5,0,13,28, 1:53,,FL,22,,12-3354,,,,,,,,15,0,3,83, 5:22,
494,494,,111,Middle School,494,05:30,2,11,0,7,60, 5:30,,CA,107,,12-5274,,,,,,,,9,0,9,51, 5:30,
495,495,,111,Middle School,495,05:08,2,9,0,9,50, 5:07,,CA,108,,12-0998,,,,,,,,11,0,7,61, 5:08,
496,496,,111,Middle School,496,04:53,2,8,0,10,45, 4:49,,CO,42,,12-3841,,,,,,,,12,0,6,66, 4:53,
497,497,,111,Middle School,497,05:15,2,9,0,9,50, 5:11,,SC,12,,12-6201,,,,,,,,11,0,7,61, 5:15,
498,498,,110,Middle School,498,03:57,2,9,0,9,51, 3:55,,FL,23,,12-2377,,,,,,,,11,0,7,59, 3:55,
500,500,,110,Middle School,500,05:34,2,10,0,8,56, 5:32,,CA,109,,12-1595,,,,,,,,10,0,8,54, 5:27,
502,502,,110,Middle School,502,05:55,2,9,0,9,50, 5:55,,AZ,7,,12-0727,,,,,,,,11,0,7,60, 5:54,
503,503,,109,Middle School,503,05:27,2,8,0,10,43, 5:16,,CA,110,,12-0415,,,,,,,,12,0,6,66, 5:27,
504,504,,109,Middle School,504,03:57,2,8,0,10,46, 3:26,,NJ,14,,12-3083,,,,,,,,11,0,7,63, 3:57,
505,505,,109,Middle School,505,05:49,2,8,0,10,46, 5:46,,CA,111,,12-0987,,,,,,,,11,0,7,63, 5:49,
506,506,,109,Middle School,506,04:36,2,9,1,9,43, 4:35,,MD,12,,12-2019,,,,,,,,12,0,6,66, 4:36,
507,507,,109,Middle School,507,05:29,2,10,1,8,49, 5:29,,TX,63,,12-2762,,,,,,,,11,0,7,60, 5:25,
509,509,T,109,Middle School,509,06:01,2,12,2,6,55, 5:55,,CA,112,,12-6751,,,,,,,,10,0,8,54, 5:21,
510,510,,108,Middle School,510,05:33,2,9,0,9,50, 5:33,,AZ,8,,12-0609,,,,,,,,11,0,7,58, 5:33,
511,511,,108,Middle School,511,03:27,2,10,0,8,53, 1:18,,TN,9,,12-5336,,,,,,,,10,0,8,55, 2:04,
513,513,,108,Middle School,513,05:09,2,8,0,10,43, 5:09,,CA,113,,12-1000,,,,,,,,12,0,6,65, 5:09,
514,514,,108,Middle School,514,05:04,2,9,0,9,50, 5:01,,RI,14,,12-2722,,,,,,,,10,0,8,58, 5:04,
515,515,,108,Middle School,515,05:05,2,8,0,10,43, 5:05,,CA,114,,12-1001,,,,,,,,12,0,6,65, 5:05,
516,516,,108,Middle School,516,05:47,2,9,0,9,48, 2:40,,LA,16,,12-6905,,,,,,,,11,0,7,60, 5:02,
517,517,,107,Middle School,517,02:31,2,8,0,10,45, 2:29,,CT,4,,12-2012,,,,,,,,11,0,7,62, 2:31,
518,518,,107,Middle School,518,04:40,2,12,0,6,68, 2:06,,GA,33,,12-5213,,,,,,,,9,2,9,39, 2:10,
519,519,,107,Middle School,519,05:39,2,10,0,8,55, 5:33,,CA,115,,12-1597,,,,,,,,10,1,8,52, 5:12,
520,520,,107,Middle School,520,05:04,2,10,1,8,52, 4:52,,AP,2,,12-6457,,,,,,,,10,0,8,55, 5:04,
521,521,,107,Middle School,521,04:43,2,10,2,8,45, 4:40,,TX,64,,12-6378,,,,,,,,11,0,7,62, 1:27,
522,522,,107,Middle School,522,05:50,2,9,0,9,48, 5:50,,NC,5,,12-2518,,,,,,,,11,0,7,59, 5:47,
523,523,,107,Middle School,523,05:48,2,9,0,9,47, 5:46,,TX,65,,12-6227,,,,,,,,11,0,7,60, 5:48,
524,524,,106,Middle School,524,03:05,2,9,0,9,50, 2:49,,CA,116,,12-2755,,,,,,,,10,0,8,56, 3:05,
525,525,,106,Middle School,525,05:14,2,9,0,9,51, 5:14,,CA,117,,12-4588,,,,,,,,10,0,8,55, 3:36,
526,526,,106,Middle School,526,04:45,2,10,0,8,57, 4:45,,CA,118,,12-6413,,,,,,,,9,0,9,49, 4:02,
528,528,,106,Middle School,528,05:31,2,7,0,11,39, 1:13,,GA,34,,12-6554,,,,,,,,12,0,6,67, 4:08,
529,529,,105,Middle School,529,03:13,2,10,0,8,56, 3:31,,SC,13,,12-0125,,,,,,,,11,0,7,63, 4:06,
531,531,,105,Middle School,531,05:39,2,9,1,9,44, 5:28,,AL,27,,12-0732,,,,,,,,11,0,7,61, 5:39,
532,532,,105,Middle School,532,05:31,2,9,0,9,51, 5:21,,CO,44,,12-3533,,,,,,,,12,2,6,54, 5:31,
533,533,,104,Middle School,533,04:54,2,11,0,7,61, 3:02,,MD,13,,12-6264,,,,,,,,8,0,10,43, 4:21,
534,534,,104,Middle School,534,05:13,2,8,1,10,39, 5:13,,FL,24,,12-0401,,,,,,,,12,0,6,65, 5:02,
535,535,,103,Middle School,535,05:49,2,7,0,11,36, 5:49,,GA,35,,12-6693,,,,,,,,12,0,6,67, 5:44,
536,536,,103,Middle School,536,05:10,2,6,2,12,20, 1:35,,RI,15,,12-2724,,,,,,,,15,0,3,83, 5:10,
537,537,,103,Middle School,537,05:46,2,7,0,11,37, 4:58,,AL,28,,12-0914,,,,,,,,12,0,6,66, 5:46,
538,538,,102,Middle School,538,04:40,2,5,0,13,25, 0:41,,VA,11,,12-5022,,,,,,,,14,0,4,77, 4:40,
539,539,,102,Middle School,539,04:33,2,8,0,10,45, 4:31,,TX,66,,12-1472,,,,,,,,10,0,8,57, 4:32,
540,540,,102,Middle School,540,05:38,2,8,0,10,43, 2:09,,MT,1,,12-4516,,,,,,,,11,0,7,59, 5:34,
541,541,,101,Middle School,541,03:12,2,9,0,9,49, 4:06,,TX,67,,12-1627,,,,,,,,10,0,8,57, 3:21,
542,542,,101,Middle School,542,05:18,2,9,0,9,50, 2:19,,SC,14,,12-4920,,,,,,,,9,0,9,51, 2:20,
543,543,,101,Middle School,543,05:51,2,7,0,11,36, 5:51,,FL,25,,12-5135,,,,,,,,12,0,6,65, 5:50,
544,544,,101,Middle School,544,05:47,2,9,0,9,48, 3:54,,CA,121,,12-0412,,,,,,,,9,0,9,53, 5:47,
545,545,,100,Middle School,545,03:19,1,,,,,,,CA,122,,12-6377,,,,,,,,18,0,0,100, 3:19,
546,546,,99,Middle School,546,05:17,2,8,0,10,43, 5:15,,AL,29,,12-0615,,,,,,,,10,0,8,56, 5:16,
547,547,,98,Middle School,547,03:37,2,8,0,10,43, 3:05,,CA,123,,12-1445,,,,,,,,10,0,8,55, 3:36,
548,548,,98,Middle School,548,04:54,2,9,0,9,49, 4:54,,OH,10,,12-6152,,,,,,,,9,0,9,49, 4:52,
549,549,,98,Middle School,549,04:28,2,8,0,10,44, 4:20,,CA,124,,12-4474,,,,,,,,10,0,8,54, 4:02,
550,550,,98,Middle School,550,05:19,2,8,1,10,37, 2:57,,VA,12,,12-7488,,,,,,,,11,0,7,61, 5:19,
551,551,,98,Middle School,551,05:46,2,8,0,10,42, 5:45,,CO,45,,12-1231,,,,,,,,10,0,8,56, 5:31,
552,552,,97,Middle School,552,03:08,2,7,0,11,36, 3:08,,NM,4,,12-2889,,,,,,,,11,0,7,61, 3:08,
554,554,,97,Middle School,554,04:41,2,5,0,13,25, 4:41,,CA,126,,12-1448,,,,,,,,13,0,5,72, 3:47,
555,555,,97,Middle School,555,05:47,2,7,0,11,38, 5:46,,TX,68,,12-6223,,,,,,,,11,0,7,59, 5:47,
556,556,,96,Middle School,556,04:42,2,10,0,8,54, 3:36,,KY,2,,12-4054,,,,,,,,8,0,10,42, 1:03,
557,557,,96,Middle School,557,05:33,2,8,0,10,41, 5:28,,CA,127,,12-2581,,,,,,,,10,0,8,55, 5:33,
558,558,,95,Middle School,558,02:54,2,7,0,11,38, 0:55,,FL,26,,12-5250,,,,,,,,10,0,8,57, 1:43,
559,559,,95,Middle School,559,03:58,2,7,0,11,37, 3:31,,CA,128,,12-5214,,,,,,,,11,0,7,58, 3:58,
560,560,,95,Middle School,560,04:44,2,8,0,10,43, 4:44,,CO,46,,12-5143,,,,,,,,11,2,7,52, 4:43,
561,561,,94,Middle School,561,02:51,2,10,0,8,52, 2:09,,CA,129,,12-4072,,,,,,,,8,0,10,42, 2:47,
562,562,,94,Middle School,562,04:28,2,8,0,10,43, 4:28,,CAN,19,,12-2279,,,,,,,,9,0,9,51, 4:18,
563,563,,94,Middle School,563,05:27,2,7,0,11,39, 5:25,,TX,69,,12-4903,,,,,,,,10,0,8,55, 5:27,
564,564,,94,Middle School,564,05:40,2,8,0,10,44, 5:06,,TX,70,,12-1628,,,,,,,,9,0,9,50, 3:59,
565,565,,93,Middle School,565,05:05,2,7,0,11,38, 4:52,,CA,130,,12-1050,,,,,,,,10,0,8,55, 4:57,
566,566,,93,Middle School,566,05:46,2,8,0,10,44, 4:46,,AL,30,,12-0925,,,,,,,,9,0,9,49, 5:46,
567,567,,93,Middle School,567,05:17,2,9,0,9,48, 5:16,,CA,131,,12-4249,,,,,,,,10,2,8,45, 5:16,
568,568,,93,Middle School,568,05:42,2,8,0,10,43, 5:42,,TX,71,,12-5777,,,,,,,,9,0,9,50, 5:40,
569,569,,93,Middle School,569,05:33,2,9,0,9,49, 5:33,,CA,132,,12-4221,,,,,,,,8,0,10,44, 5:33,
570,570,,92,Middle School,570,04:07,2,8,0,10,46, 4:06,,VA,13,,12-4011,,,,,,,,8,0,10,46, 4:07,
571,571,,92,Middle School,571,04:23,2,7,0,11,37, 4:17,,CA,133,,12-4756,,,,,,,,10,0,8,55, 4:23,
572,572,,92,Middle School,572,05:09,2,9,0,9,48, 5:08,,CA,134,,12-4106,,,,,,,,8,0,10,44, 5:09,
573,573,,92,Middle School,573,05:50,2,7,0,11,36, 4:59,,FL,27,,12-5595,,,,,,,,10,0,8,56, 5:47,
574,574,,91,Middle School,574,05:52,2,9,0,9,46, 5:52,,AZ,9,,12-2414,,,,,,,,9,0,9,45, 5:52,
576,576,,91,Middle School,576,05:28,2,8,1,10,38, 5:27,,CA,135,,12-5275,,,,,,,,10,0,8,53, 4:00,
577,577,,90,Middle School,577,00:32,2,10,0,8,57, 1:27,,CA,136,,12-5199,,,,,,,,13,0,5,72, 1:30,
578,578,,89,Middle School,578,01:39,2,6,0,12,30, 0:33,,TX,72,,12-5239,,,,,,,,11,0,7,59, 1:02,
579,579,,88,Middle School,579,00:46,2,8,0,10,43, 1:09,,MD,14,,12-4125,,,,,,,,12,0,6,65, 1:44,
580,580,T,88,Middle School,580,09:24,1,,,,,,,IN,2,,12-5539,,,,,,,,16,0,2,88, 9:24,T
581,581,,88,Middle School,581,04:34,2,9,0,9,50, 4:33,,TX,73,,12-2168,,,,,,,,7,0,11,38, 4:34,
582,582,,88,Middle School,582,05:28,2,4,0,14,20, 5:24,,TX,74,,12-6387,,,,,,,,12,0,6,68, 5:27,
583,583,,88,Middle School,583,05:21,2,6,0,12,36, 1:02,,GA,36,,12-0450,,,,,,,,10,1,8,52, 5:21,
584,584,,87,Middle School,584,03:13,2,6,0,12,33, 4:10,,TX,75,,12-1626,,,,,,,,10,0,8,54, 4:09,
585,585,,87,Middle School,585,04:58,2,8,0,10,43, 4:00,,CA,137,,12-4260,,,,,,,,8,0,10,44, 4:52,
586,586,,87,Middle School,586,05:32,2,7,0,11,38, 5:32,,CA,138,,12-2578,,,,,,,,9,0,9,49, 5:32,
587,587,,86,Middle School,587,02:10,2,7,1,11,32, 2:10,,TX,76,,12-5238,,,,,,,,11,1,7,54, 1:59,
588,588,,86,Middle School,588,05:44,2,7,0,11,37, 5:24,,HI,14,,12-0630,,,,,,,,9,0,9,49, 5:44,
589,589,,86,Middle School,589,05:50,2,7,1,11,33, 5:48,,CO,47,,12-3500,,,,,,,,10,0,8,53, 5:50,
590,590,,85,Middle School,590,05:31,2,6,0,12,30, 5:31,,FL,28,,12-4092,,,,,,,,10,0,8,55, 5:16,
591,591,,85,Middle School,591,05:41,2,6,0,12,30, 5:39,,FL,29,,12-0402,,,,,,,,10,0,8,55, 5:40,
592,592,,84,Middle School,592,05:00,2,7,2,11,25, 5:00,,CA,139,,12-0999,,,,,,,,11,0,7,59, 4:57,
593,593,,84,Middle School,593,04:04,2,6,0,12,30, 1:09,,MD,15,,12-6267,,,,,,,,10,0,8,54, 2:51,
594,594,,83,Middle School,594,02:50,2,0,0,18,0, 1:58,,VA,14,,12-7101,,,,,,,,15,0,3,83, 2:50,
595,595,,83,Middle School,595,02:58,1,11,0,7,62, 0:55,,OH,11,,12-4470,,,,,,,,15,0,3,83, 3:01,
596,596,,83,Middle School,596,03:12,2,6,0,12,30, 4:09,,TX,77,,12-1630,,,,,,,,10,0,8,53, 4:09,
597,597,,83,Middle School,597,05:37,1,,,,,,,MD,16,,12-3709,,,,,,,,15,0,3,83, 5:37,
598,598,T,83,Middle School,598,22:13,2,1,1,17,0, 3:26,,CA,140,,12-0413,,,,,,,,15,0,3,83,21:39,T
599,599,,83,Middle School,599,05:42,2,8,1,10,39, 5:27,,TX,78,,12-4893,,,,,,,,8,0,10,44, 5:42,
600,600,,83,Middle School,600,05:48,2,7,0,11,35, 5:44,,AL,31,,12-0913,,,,,,,,9,0,9,48, 5:44,
602,602,,82,Middle School,602,04:24,2,6,0,12,33, 2:19,,AL,32,,12-5062,,,,,,,,9,0,9,49, 2:03,
603,603,,82,Middle School,603,05:02,2,8,0,10,43, 5:00,,AL,33,,12-0612,,,,,,,,9,2,9,39, 5:02,
604,604,,82,Middle School,604,05:31,2,6,0,12,31, 4:40,,CA,142,,12-1052,,,,,,,,10,0,8,51, 5:31,
605,605,,81,Middle School,605,04:51,2,2,0,16,12, 4:12,,SC,15,,12-4573,,,,,,,,13,0,5,69, 4:51,
606,606,,80,Middle School,606,02:10,2,6,0,12,31, 1:37,,IL,4,,12-6420,,,,,,,,9,0,9,49, 1:29,
607,607,M,80,Middle School,607,05:42,2,5,0,13,28, 5:31,,CA,143,,12-5276,,,,,,,,11,1,7,52, 5:42,M
608,608,,79,Middle School,608,03:19,2,8,1,10,35, 2:50,,OK,4,,12-1796,,,,,,,,9,1,9,44, 3:18,
609,609,,78,Middle School,609,01:32,1,,,,,,,IN,3,,12-0358,,,,,,,,14,0,4,78, 1:32,
610,610,,78,Middle School,610,02:44,2,5,0,13,25, 2:20,,AZ,10,,12-6113,,,,,,,,10,0,8,53, 2:44,
612,612,,78,Middle School,612,05:49,2,6,0,12,30, 2:57,,TX,79,,12-5342,,,,,,,,9,0,9,48, 2:44,
613,613,,77,Middle School,613,05:44,1,,,,,,,TX,80,,12-3423,,,,,,,,14,0,4,77, 5:44,
614,614,,77,Middle School,614,04:34,1,,,,,,,NM,5,,12-7109,,,,,,,,15,1,3,77, 4:34,
615,615,,77,Middle School,615,05:10,2,8,1,10,36, 5:10,,TX,81,,12-6088,,,,,,,,8,1,10,41, 4:23,
616,616,,77,Middle School,616,05:31,2,6,0,12,33, 5:31,,TX,82,,12-6715,,,,,,,,8,0,10,44, 5:30,
617,617,,77,Middle School,617,05:42,2,5,0,13,27, 5:29,,TX,83,,12-1625,,,,,,,,9,0,9,50, 5:42,
618,618,,77,Middle School,618,05:38,2,7,0,11,38, 0:31,,LA,17,,12-6907,,,,,,,,7,0,11,39, 3:32,
619,619,,76,Middle School,619,04:17,1,,,,,,,CA,144,,12-1675,,,,,,,,14,0,4,76, 4:17,
620,620,,76,Middle School,620,02:10,2,5,0,13,26, 0:27,,WA,6,,12-0837,,,,,,,,9,0,9,50, 1:37,
621,621,,75,Middle School,621,00:39,2,8,0,10,43, 1:27,,CA,145,,12-4933,,,,,,,,11,0,7,61, 1:41,
622,622,,75,Middle School,622,04:49,2,5,0,13,25, 4:49,,CO,48,,12-1229,,,,,,,,9,0,9,50, 4:41,
623,623,,74,Middle School,623,02:21,2,8,2,10,36, 2:04,,LA,18,,12-6917,,,,,,,,7,0,11,38, 2:20,
624,624,,73,Middle School,624,02:47,2,6,0,12,30, 2:47,,VA,15,,12-7102,,,,,,,,8,0,10,43, 2:09,
625,625,,73,Middle School,625,02:41,2,6,0,12,30, 2:41,,AR,3,,12-5645,,,,,,,,8,0,10,43, 2:41,
626,626,,73,Middle School,626,03:57,2,5,1,13,23, 3:55,,GA,37,,12-3446,,,,,,,,9,0,9,50, 3:55,
627,627,,73,Middle School,627,03:29,2,4,0,14,23, 1:35,,HI,15,,12-5710,,,,,,,,9,0,9,50, 3:29,
628,628,M,73,Middle School,628,04:43,1,,,,,,,CA,146,,12-4472,,,,,,,,13,0,5,73, 4:43,M
629,629,,73,Middle School,629,04:44,2,8,0,10,41, 3:42,,CO,49,,12-5131,,,,,,,,9,3,9,32, 4:44,
630,630,,73,Middle School,630,05:19,2,7,0,11,35, 5:18,,AZ,11,,12-4364,,,,,,,,7,0,11,38, 5:19,
631,631,,72,Middle School,631,05:54,2,6,0,12,31, 5:54,,AZ,12,,12-5707,,,,,,,,9,1,9,41, 4:52,
632,632,,72,Middle School,632,04:29,1,,,,,,,NM,6,,12-7105,,,,,,,,13,0,5,72, 4:29,
633,633,,71,Middle School,633,00:35,2,11,0,7,59, 1:35,,VA,16,,12-4001,,,,,,,,10,0,8,55, 1:30,
634,634,,71,Middle School,634,03:28,2,0,0,18,0, 1:38,,CO,50,,12-3840,,,,,,,,13,0,5,71, 3:28,
635,635,,71,Middle School,635,05:20,2,1,0,17,8, 4:55,,CA,147,,12-1921,,,,,,,,12,1,6,63, 5:08,
636,636,,70,Middle School,636,02:54,2,4,2,14,10, 0:19,,CAN,22,,12-2291,,,,,,,,11,0,7,60, 2:54,
637,637,,70,Middle School,637,04:44,2,3,0,15,18, 1:51,,VI,1,,12-7196,,,,,,,,11,2,7,52, 2:36,
638,638,,70,Middle School,638,05:51,2,1,0,17,5, 5:47,,TX,84,,12-5427,,,,,,,,12,0,6,65, 5:50,
639,639,,70,Middle School,639,05:50,2,5,0,13,29, 5:50,,AL,34,,12-0926,,,,,,,,7,0,11,41, 5:35,
640,640,,69,Middle School,640,03:29,2,7,2,11,26, 2:32,,CO,51,,12-2912,,,,,,,,8,0,10,43, 3:29,
641,641,,69,Middle School,641,05:53,2,5,1,13,20, 5:52,,TX,85,,12-2165,,,,,,,,9,0,9,49, 5:53,
642,642,,68,Middle School,642,02:25,2,5,0,13,25, 0:16,,AL,35,,12-5049,,,,,,,,8,0,10,43, 1:57,
643,643,,68,Middle School,643,05:22,2,4,0,14,21, 5:06,,GA,38,,12-6706,,,,,,,,8,0,10,47, 5:22,
644,644,,68,Middle School,644,05:42,2,5,0,13,28, 5:42,,TX,86,,12-5778,,,,,,,,8,1,10,40, 5:20,
645,645,,67,Middle School,645,03:30,1,,,,,,,NY,1,,12-6845,,,,,,,,12,0,6,67, 3:30,
646,646,,66,Middle School,646,05:06,2,5,0,13,27, 4:58,,CO,52,,12-1533,,,,,,,,7,0,11,39, 5:06,
647,647,,66,Middle School,647,05:16,2,6,0,12,33, 5:04,,OH,12,,12-5926,,,,,,,,6,0,12,33, 5:14,
648,648,,66,Middle School,648,05:33,2,6,0,12,30, 5:33,,CA,148,,12-3114,,,,,,,,8,1,10,36, 5:32,
649,649,,66,Middle School,649,05:56,2,6,0,12,33, 5:46,,AZ,13,,12-2415,,,,,,,,6,0,12,33, 5:56,
651,651,,65,Middle School,651,03:09,2,7,0,11,39, 1:35,,VA,17,,12-4387,,,,,,,,4,0,14,26, 1:36,
652,652,,65,Middle School,652,05:03,2,0,0,18,0, 4:01,,FL,30,,12-3353,,,,,,,,12,0,6,65, 5:03,
653,653,,65,Middle School,653,05:45,2,4,0,14,24, 4:59,,AR,4,,12-0950,,,,,,,,9,2,9,41, 5:45,
654,654,,63,Middle School,654,02:38,1,11,0,7,63, 2:38,,MD,17,,12-2295,,,,,,,,,,,,,
655,655,,63,Middle School,655,03:59,2,3,2,15,5, 3:23,,CA,150,,12-6313,,,,,,,,11,0,7,58, 3:59,
656,656,,63,Middle School,656,05:16,2,9,0,9,48, 5:10,,CA,151,,12-5222,,,,,,,,3,0,15,15, 5:08,
657,657,,62,Middle School,657,04:32,2,5,2,13,16, 4:32,,CA,152,,12-1051,,,,,,,,9,0,9,46, 4:27,
658,658,,61,Middle School,658,01:47,1,,,,,,,MD,18,,12-2259,,,,,,,,11,0,7,61, 1:47,
659,659,,61,Middle School,659,03:11,2,5,0,13,25, 1:20,,TX,87,,12-4609,,,,,,,,8,1,10,36, 1:49,
660,660,,61,Middle School,660,05:54,1,,,,,,,CA,153,,12-0360,,,,,,,,11,0,7,61, 5:54,
661,661,,61,Middle School,661,04:49,2,7,2,11,28, 3:30,,CO,53,,12-3534,,,,,,,,9,3,9,33, 4:49,
662,662,,60,Middle School,662,04:20,1,,,,,,,VA,18,,12-7438,,,,,,,,11,0,7,60, 4:20,
663,663,,59,Middle School,663,05:53,2,3,0,15,15, 4:33,,MD,19,,12-0438,,,,,,,,8,0,10,44, 1:18,
664,664,,59,Middle School,664,04:36,1,,,,,,,NV,5,,12-0041,,,,,,,,11,0,7,59, 4:36,
665,665,,59,Middle School,665,04:06,2,3,0,15,18, 4:05,,TX,88,,12-6355,,,,,,,,10,3,8,41, 4:06,
666,666,,57,Middle School,666,03:10,2,7,0,11,38, 1:33,,MD,20,,12-7064,,,,,,,,10,0,8,57, 4:16,
667,667,,56,Middle School,667,01:12,2,13,0,5,73, 1:51,,IN,4,,12-0142,,,,,,,,14,0,4,79, 2:19,
668,668,,54,Middle School,668,01:00,2,7,0,11,35, 2:06,,MI,7,,12-0315,,,,,,,,11,0,7,60, 2:07,
669,669,,54,Middle School,669,04:07,2,4,1,14,21, 4:07,,TX,89,,12-3471,,,,,,,,6,0,12,33, 4:07,
670,670,,54,Middle School,670,04:13,2,5,0,13,25, 4:10,,TX,90,,12-3470,,,,,,,,5,0,13,29, 4:12,
671,671,,52,Middle School,671,04:20,2,0,0,18,0, 0:17,,CO,54,,12-1998,,,,,,,,10,0,8,52, 4:20,
672,672,,52,Middle School,672,05:53,2,4,0,14,23, 5:53,,AZ,14,,12-0392,,,,,,,,5,0,13,29, 5:52,
673,673,,51,Middle School,673,04:00,2,5,2,13,15, 1:39,,MD,21,,12-6257,,,,,,,,7,0,11,36, 2:18,
674,674,,51,Middle School,674,03:10,2,6,1,12,28, 2:57,,MD,22,,12-1015,,,,,,,,6,2,12,23,27:49:00,T
675,675,,51,Middle School,675,05:44,2,7,3,11,25, 4:52,,GA,39,,12-0449,,,,,,,,4,0,14,26, 4:26,
676,676,,51,Middle School,676,05:54,2,5,0,13,25, 5:54,,AZ,15,,12-5480,,,,,,,,5,0,13,26, 5:54,
678,678,,50,Middle School,678,04:51,2,3,0,15,15, 4:51,,CA,154,,12-4766,,,,,,,,7,0,11,35, 4:51,
679,679,,50,Middle School,679,05:24,1,9,0,9,50, 5:24,,AR,5,,12-3869,,,,,,,,,,,,,
681,681,,49,Middle School,681,04:52,2,4,0,14,20, 4:52,,TX,91,,12-4399,,,,,,,,5,0,13,29, 4:49,
682,682,,48,Middle School,682,04:07,1,,,,,,,MD,23,,12-2297,,,,,,,,8,0,10,48, 4:07,
683,683,,48,Middle School,683,05:05,2,4,0,14,20, 5:00,,CO,55,,12-5138,,,,,,,,5,0,13,28, 5:05,
684,684,,45,Middle School,684,03:03,2,6,0,12,30, 3:01,,CA,155,,12-4375,,,,,,,,4,1,14,15, 2:26,
685,685,,45,Middle School,685,03:59,2,6,2,12,20, 3:43,,LA,19,,12-3907,,,,,,,,5,0,13,25, 0:37,
686,686,,45,Middle School,686,04:04,1,,,,,,,CA,156,,12-4924,,,,,,,,8,0,10,45, 4:04,
687,687,,44,Middle School,687,01:33,1,,,,,,,CAN,25,,12-7011,,,,,,,,8,0,10,44, 1:33,
688,688,,43,Middle School,688,05:50,2,2,0,16,10, 3:10,,LA,20,,12-1997,,,,,,,,6,0,12,33, 5:48,
689,689,,40,Middle School,689,02:46,2,4,2,14,12, 0:39,,CA,157,,12-6742,,,,,,,,5,0,13,28, 2:46,
690,690,,40,Middle School,690,04:28,1,,,,,,,CAN,26,,12-4805,,,,,,,,,,,,,
691,691,,40,Middle School,691,05:38,2,4,0,14,20, 2:06,,OR,2,,12-0885,,,,,,,,4,0,14,20, 5:38,
692,692,,38,Middle School,692,03:31,2,7,0,11,38, 1:49,,CA,158,,12-1070,,,,,,,,0,0,18,0, 1:38,
693,693,,38,Middle School,693,03:49,2,3,0,15,15, 3:44,,TX,92,,12-4827,,,,,,,,4,0,14,23, 3:49,
694,694,,37,Middle School,694,03:06,1,7,0,11,37, 3:06,,CA,159,,12-1632,,,,,,,,,,,,,
695,695,,36,Middle School,695,05:29,2,6,3,12,18, 5:27,,CO,56,,12-3532,,,,,,,,6,3,12,18, 5:24,
696,696,,35,Middle School,696,04:45,2,2,0,16,11, 4:45,,CA,160,,12-3128,,,,,,,,4,0,14,24, 4:39,
697,697,,33,Middle School,697,02:53,2,2,0,16,10, 2:53,,AR,6,,12-5648,,,,,,,,4,0,14,23, 2:53,
698,698,,33,Middle School,698,01:58,1,6,0,12,33, 1:58,,LA,21,,12-6921,,,,,,,,,,,,,
699,699,,31,Middle School,699,01:54,1,,,,,,,CA,161,,12-6740,,,,,,,,6,0,12,31, 1:54,
700,700,,30,Middle School,700,03:13,2,2,0,16,10, 3:13,,CAN,27,,12-2293,,,,,,,,4,0,14,20, 2:17,
701,701,,30,Middle School,701,04:50,1,,,,,,,TX,93,,12-6357,,,,,,,,5,0,13,30, 4:50,
702,702,,29,Middle School,702,00:43,1,,,,,,,KY,3,,12-6818,,,,,,,,7,0,11,41, 1:54,
703,703,,28,Middle School,703,00:59,1,,,,,,,TX,94,,12-4713,,,,,,,,5,0,13,28, 0:59,
704,704,,26,Middle School,704,01:55,1,,,,,,,CA,162,,12-5477,,,,,,,,5,0,13,26, 1:55,
705,705,,25,Middle School,705,00:23,2,9,0,9,50, 1:17,,CA,163,,12-5198,,,,,,,,8,0,10,43, 1:33,
706,706,,25,Middle School,706,01:48,2,3,0,15,15, 0:46,,TX,95,,12-5530,,,,,,,,2,0,16,10, 1:48,
708,708,,24,Middle School,708,04:54,2,2,0,16,11, 4:49,,TX,96,,12-4397,,,,,,,,2,0,16,13, 4:54,
709,709,,23,Middle School,709,02:52,1,,,,,,,AL,36,,12-4161,,,,,,,,4,0,14,23, 2:52,
710,710,,20,Middle School,710,01:06,1,,,,,,,TX,97,,12-3565,,,,,,,,4,0,14,20, 1:06,
711,711,,20,Middle School,711,03:55,2,2,0,16,10, 3:42,,TX,98,,12-4398,,,,,,,,2,0,16,10, 3:55,
712,712,,18,Middle School,712,04:34,2,1,0,17,5, 4:33,,CO,57,,12-5139,,,,,,,,2,0,16,13, 4:34,
713,713,,18,Middle School,713,04:51,2,2,0,16,10, 4:17,,CAN,29,,12-4252,,,,,,,,1,0,17,8, 0:26,
714,714,,16,Middle School,714,02:18,2,1,0,17,6, 2:02,,LA,22,,12-6919,,,,,,,,4,2,14,10, 2:18,
715,715,,16,Middle School,715,04:35,1,,,,,,,CAN,30,,12-7445,,,,,,,,,,,,,
716,716,M,15,Middle School,716,04:23,1,3,0,15,15, 4:23,M,AR,7,,12-1035,,,,,,,,,,,,,
717,717,,13,Middle School,717,03:51,2,2,1,16,5, 3:28,,CAN,31,,12-4251,,,,,,,,1,0,17,8, 0:21,
718,718,,8,Middle School,718,01:32,1,,,,,,,CA,164,,12-4247,,,,,,,,1,0,17,8, 1:32,
719,719,,8,Middle School,719,03:48,2,0,0,18,0, 2:52,,TX,99,,12-3469,,,,,,,,1,0,17,8, 3:48,
720,720,,0,Middle School,720,01:36,1,0,0,18,0, 1:36,,AR,8,,12-3708,,,,,,,,,,,,,
721,721,,0,Middle School,721,01:36,1,,,,,,,CAN,32,,12-4808,,,,,,,,,,,,,
722,722,,0,Middle School,722,00:04,2,0,0,18,0, 0:03,,TX,100,,12-0909,,,,,,,,0,0,18,0, 0:03,
723,723,,0,Middle School,723,00:15,1,,,,,,,CA,165,,12-1633,,,,,,,,0,0,18,0, 0:15,
724,724,,0,Middle School,724,05:30,2,1,2,17,-5, 2:34,,TX,101,,12-6716,,,,,,,,4,3,14,5, 5:30,
