,,*Warn,Adjust,CiscoScore,CurrentScore,Division,OverallPlace,PlayTime,ScoredImages,Server2016_cpxi_r1_ms-Found,Server2016_cpxi_r1_ms-Penalties,Server2016_cpxi_r1_ms-Remaining,Server2016_cpxi_r1_ms-Score,Server2016_cpxi_r1_ms-Time,Server2016_cpxi_r1_ms-Warn,State,StatePlace,TeamName,TeamNumber,Tier,TotalScore,Windows10_cpxi_r1_hsms-Found,Windows10_cpxi_r1_hsms-Penalties,Windows10_cpxi_r1_hsms-Remaining,Windows10_cpxi_r1_hsms-Score,Windows10_cpxi_r1_hsms-Time,Windows10_cpxi_r1_hsms-Warn
1,1,,0.00,0.00,200.0,Middle School,1.0,01:10,2,22,0,0,100, 1:09,,CA,1.0,,11-0088,Middle School,200.00,22,0,0,100, 1:10,
2,2,,0.00,0.00,200.0,Middle School,2.0,01:58,2,22,0,0,100, 1:58,,CA,2.0,,11-1680,Middle School,200.00,22,0,0,100, 1:55,
3,3,,0.00,0.00,200.0,Middle School,3.0,02:05,2,22,0,0,100, 2:04,,CA,3.0,,11-0083,Middle School,200.00,22,0,0,100, 0:58,
4,4,,0.00,0.00,200.0,Middle School,4.0,02:53,2,22,0,0,100, 2:12,,VA,1.0,,11-0398,Middle School,200.00,22,0,0,100, 2:53,
5,5,,0.00,0.00,200.0,Middle School,5.0,02:57,2,22,0,0,100, 1:50,,CA,4.0,,11-0087,Middle School,200.00,22,0,0,100, 2:57,
6,6,,0.00,0.00,200.0,Middle School,6.0,03:58,2,22,0,0,100, 2:43,,IL,1.0,,11-0005,Middle School,200.00,22,0,0,100, 3:58,
7,7,,0.00,0.00,200.0,Middle School,7.0,04:06,2,22,0,0,100, 3:40,,DE,1.0,,11-5748,Middle School,200.00,22,0,0,100, 4:06,
8,8,,0.00,0.00,200.0,Middle School,8.0,04:46,2,22,0,0,100, 3:44,,CA,5.0,,11-2293,Middle School,200.00,22,0,0,100, 4:46,
9,9,,0.00,0.00,200.0,Middle School,9.0,04:27,2,22,0,0,100, 3:14,,FL,1.0,,11-0597,Middle School,200.00,22,0,0,100, 4:27,
10,10,,0.00,0.00,200.0,Middle School,10.0,04:57,2,22,0,0,100, 4:56,,CA,6.0,,11-4948,Middle School,200.00,22,0,0,100, 0:51,
11,11,T,0.00,0.00,200.0,Middle School,11.0,26:37,2,22,0,0,100, 3:39,,DE,2.0,,11-5725,Middle School,200.00,22,0,0,100,26:37,T
12,12,,0.00,0.00,200.0,Middle School,12.0,05:15,2,22,0,0,100, 5:15,,VA,2.0,,11-0071,Middle School,200.00,22,0,0,100, 2:43,
13,13,,0.00,0.00,200.0,Middle School,13.0,05:16,2,22,0,0,100, 3:04,,CA,7.0,,11-0082,Middle School,200.00,22,0,0,100, 5:16,
14,14,,0.00,0.00,200.0,Middle School,14.0,05:29,2,22,0,0,100, 4:30,,TX,1.0,,11-0129,Middle School,200.00,22,0,0,100, 5:29,
15,15,,0.00,0.00,200.0,Middle School,15.0,05:28,2,22,0,0,100, 5:13,,TX,2.0,,11-0859,Middle School,200.00,22,0,0,100, 5:28,
16,16,,0.00,0.00,200.0,Middle School,16.0,05:34,2,22,0,0,100, 5:34,,MO,1.0,,11-1178,Middle School,200.00,22,0,0,100, 5:33,
17,17,,0.00,0.00,200.0,Middle School,17.0,05:31,2,22,0,0,100, 5:29,,CA,8.0,,11-4374,Middle School,200.00,22,0,0,100, 4:12,
18,18,,0.00,0.00,200.0,Middle School,18.0,05:40,2,22,0,0,100, 5:40,,VA,3.0,,11-0073,Middle School,200.00,22,0,0,100, 4:28,
19,19,T,0.00,0.00,200.0,Middle School,19.0,07:26,2,22,0,0,100, 5:31,,CA,9.0,,11-4521,Middle School,200.00,22,0,0,100, 7:26,T
20,20,,0.00,0.00,200.0,Middle School,20.0,05:45,2,22,0,0,100, 3:57,,CA,10.0,,11-0089,Middle School,200.00,22,0,0,100, 5:45,
21,21,,0.00,0.00,200.0,Middle School,21.0,05:52,2,22,0,0,100, 5:51,,NV,1.0,,11-2228,Middle School,200.00,22,0,0,100, 5:14,
22,22,,0.00,0.00,200.0,Middle School,22.0,05:56,2,22,0,0,100, 5:56,,SC,1.0,,11-1847,Middle School,200.00,22,0,0,100, 5:09,
23,23,,0.00,0.00,197.0,Middle School,23.0,05:10,2,22,0,0,100, 3:33,,GA,1.0,,11-2598,Middle School,197.00,21,0,1,97, 5:10,
24,24,,0.00,0.00,197.0,Middle School,24.0,05:26,2,21,0,1,97, 5:26,,GA,2.0,,11-2518,Middle School,197.00,22,0,0,100, 5:12,
25,25,,0.00,0.00,197.0,Middle School,25.0,05:59,2,22,0,0,100, 5:41,,CA,11.0,,11-0045,Middle School,197.00,21,0,1,97, 5:59,
26,26,,0.00,0.00,196.0,Middle School,26.0,04:54,2,22,0,0,100, 2:00,,KS,1.0,,11-5869,Middle School,196.00,21,0,1,96, 4:54,
27,27,,0.00,0.00,196.0,Middle School,27.0,05:32,2,21,0,1,96, 5:31,,TX,3.0,,11-3360,Middle School,196.00,22,0,0,100, 1:22,
28,28,,0.00,0.00,196.0,Middle School,28.0,05:40,2,22,0,0,100, 4:12,,CA,12.0,,11-4156,Middle School,196.00,21,0,1,96, 5:40,
29,29,,0.00,0.00,196.0,Middle School,29.0,05:49,2,22,0,0,100, 4:19,,CA,13.0,,11-1748,Middle School,196.00,21,0,1,96, 5:49,
30,30,,0.00,0.00,196.0,Middle School,30.0,05:53,2,22,0,0,100, 4:25,,CA,14.0,,11-2668,Middle School,196.00,21,0,1,96, 5:53,
31,31,,0.00,0.00,196.0,Middle School,31.0,05:39,2,22,0,0,100, 5:39,,CO,1.0,,11-1258,Middle School,196.00,21,0,1,96, 5:38,
32,32,,0.00,0.00,196.0,Middle School,32.0,05:54,2,22,0,0,100, 5:05,,AZ,1.0,,11-2736,Middle School,196.00,21,0,1,96, 5:54,
33,33,,0.00,0.00,196.0,Middle School,33.0,05:33,2,22,0,0,100, 5:17,,MD,1.0,,11-0761,Middle School,196.00,21,0,1,96, 5:33,
34,34,,0.00,0.00,196.0,Middle School,34.0,05:47,2,22,0,0,100, 5:47,,VA,4.0,,11-3493,Middle School,196.00,21,0,1,96, 5:46,
35,35,,0.00,0.00,196.0,Middle School,35.0,05:51,2,22,0,0,100, 5:50,,AL,1.0,,11-1415,Middle School,196.00,21,0,1,96, 5:51,
36,36,,0.00,0.00,196.0,Middle School,36.0,05:58,2,21,0,1,96, 5:57,,KS,2.0,,11-4199,Middle School,196.00,22,0,0,100, 5:30,
37,37,,0.00,0.00,196.0,Middle School,37.0,05:50,2,21,0,1,96, 5:49,,TX,4.0,,11-3357,Middle School,196.00,22,0,0,100, 5:36,
38,38,,0.00,0.00,196.0,Middle School,38.0,05:54,2,21,0,1,96, 5:53,,TX,5.0,,11-0857,Middle School,196.00,22,0,0,100, 3:51,
39,39,T,0.00,0.00,196.0,Middle School,39.0,06:01,2,22,0,0,100, 5:55,,AL,2.0,,11-1416,Middle School,196.00,21,0,1,96, 6:01,T
40,40,,0.00,0.00,196.0,Middle School,40.0,05:56,2,22,0,0,100, 5:52,,TX,6.0,,11-0858,Middle School,196.00,21,0,1,96, 5:56,
41,41,,0.00,0.00,195.0,Middle School,41.0,03:57,2,22,0,0,100, 1:12,,OH,1.0,,11-1858,Middle School,195.00,21,0,1,95, 3:57,
42,42,,0.00,0.00,195.0,Middle School,42.0,05:34,2,21,0,1,95, 5:31,,CA,15.0,,11-4155,Middle School,195.00,22,0,0,100, 5:34,
43,43,,0.00,0.00,195.0,Middle School,43.0,05:34,2,21,0,1,95, 5:32,,VA,5.0,,11-4652,Middle School,195.00,22,0,0,100, 2:18,
44,44,,0.00,0.00,193.0,Middle School,44.0,03:49,2,20,0,2,93, 3:30,,NM,1.0,,11-3447,Middle School,193.00,22,0,0,100, 3:48,
45,45,,0.00,0.00,192.0,Middle School,45.0,05:37,2,21,0,1,96, 5:36,,AL,3.0,,11-0621,Middle School,192.00,21,0,1,96, 5:36,
46,46,,0.00,0.00,192.0,Middle School,46.0,05:33,2,21,0,1,96, 5:31,,TX,7.0,,11-0058,Middle School,192.00,21,0,1,96, 5:33,
47,47,,0.00,0.00,192.0,Middle School,47.0,05:33,2,21,0,1,96, 5:31,,MO,2.0,,11-0373,Middle School,192.00,21,0,1,96, 5:33,
48,48,T,0.00,0.00,192.0,Middle School,48.0,06:01,2,21,0,1,96, 5:59,,CA,16.0,,11-4573,Middle School,192.00,21,0,1,96, 6:01,T
49,49,,0.00,0.00,192.0,Middle School,49.0,05:57,2,21,0,1,96, 5:55,,CA,17.0,,11-4566,Middle School,192.00,21,0,1,96, 5:57,
50,50,,0.00,0.00,192.0,Middle School,50.0,05:38,2,21,0,1,96, 5:37,,HI,1.0,,11-4654,Middle School,192.00,21,0,1,96, 5:31,
51,51,,0.00,0.00,192.0,Middle School,51.0,05:56,2,21,0,1,96, 5:44,,CA,18.0,,11-2978,Middle School,192.00,21,0,1,96, 5:56,
52,52,,0.00,0.00,192.0,Middle School,52.0,05:59,2,21,0,1,96, 5:50,,MO,3.0,,11-0372,Middle School,192.00,21,0,1,96, 5:59,
53,53,T,0.00,0.00,192.0,Middle School,53.0,21:32,2,20,0,2,92, 5:57,,CA,19.0,,11-4519,Middle School,192.00,22,0,0,100,20:52,T
54,54,,0.00,0.00,191.0,Middle School,54.0,04:27,2,21,0,1,96, 3:31,,OH,2.0,,11-1859,Middle School,191.00,21,0,1,95, 4:27,
55,55,,0.00,0.00,191.0,Middle School,55.0,05:38,2,21,0,1,95, 5:38,,ID,1.0,,11-0633,Middle School,191.00,21,0,1,96, 5:32,
56,56,,0.00,0.00,191.0,Middle School,56.0,05:40,2,20,0,2,91, 5:37,,TX,8.0,,11-0860,Middle School,191.00,22,0,0,100, 4:45,
57,57,,0.00,0.00,191.0,Middle School,57.0,05:50,2,21,0,1,95, 5:50,,CA,20.0,,11-2737,Middle School,191.00,21,0,1,96, 5:43,
58,58,,0.00,0.00,191.0,Middle School,58.0,05:52,2,20,0,2,91, 5:51,,FL,2.0,,11-0600,Middle School,191.00,22,0,0,100, 5:14,
59,59,,0.00,0.00,191.0,Middle School,59.0,05:58,2,20,0,2,91, 5:57,,TX,9.0,,11-2851,Middle School,191.00,22,0,0,100, 5:45,
60,60,,0.00,0.00,191.0,Middle School,60.0,05:52,2,22,0,0,100, 5:51,,HI,2.0,,11-2557,Middle School,191.00,20,0,2,91, 5:45,
61,61,,0.00,0.00,189.0,Middle School,61.0,05:49,2,21,0,1,96, 5:46,,MO,4.0,,11-0374,Middle School,189.00,20,0,2,93, 5:49,
62,62,,0.00,0.00,189.0,Middle School,62.0,05:45,2,21,0,1,96, 5:42,,GA,3.0,,11-0810,Middle School,189.00,20,0,2,93, 5:25,
63,63,T,0.00,0.00,189.0,Middle School,63.0,06:03,2,20,0,2,93, 6:00,,TX,10.0,,11-3118,Middle School,189.00,21,0,1,96, 5:53,
64,64,,0.00,0.00,188.0,Middle School,64.0,05:51,2,19,0,3,88, 5:51,,HI,3.0,,11-1376,Middle School,188.00,22,0,0,100, 4:31,
65,65,,0.00,0.00,188.0,Middle School,65.0,04:27,2,20,0,2,92, 4:18,,CA,21.0,,11-4005,Middle School,188.00,21,0,1,96, 3:11,
66,66,,0.00,0.00,188.0,Middle School,66.0,05:35,2,22,0,0,100, 5:00,,CA,22.0,,11-0092,Middle School,188.00,19,0,3,88, 5:35,
67,67,,0.00,0.00,188.0,Middle School,67.0,05:56,2,20,0,2,92, 5:55,,AZ,2.0,,11-1339,Middle School,188.00,21,0,1,96, 5:56,
68,68,,0.00,0.00,188.0,Middle School,68.0,05:55,2,20,0,2,92, 5:49,,CA,23.0,,11-1735,Middle School,188.00,21,0,1,96, 5:54,
69,69,,0.00,0.00,188.0,Middle School,69.0,05:39,2,20,0,2,92, 5:35,,AL,4.0,,11-0625,Middle School,188.00,21,0,1,96, 5:39,
70,70,,0.00,0.00,188.0,Middle School,70.0,05:56,2,21,0,1,96, 5:56,,TX,11.0,,11-4445,Middle School,188.00,20,0,2,92, 5:38,
71,71,,0.00,0.00,187.0,Middle School,71.0,04:21,2,21,0,1,96, 4:11,,OH,3.0,,11-1860,Middle School,187.00,20,0,2,91, 4:18,
72,72,,0.00,0.00,187.0,Middle School,72.0,05:32,2,20,0,2,91, 5:31,,CO,2.0,,11-1263,Middle School,187.00,21,0,1,96, 5:20,
73,73,,0.00,0.00,187.0,Middle School,73.0,05:12,2,21,0,1,96, 5:11,,CO,3.0,,11-0674,Middle School,187.00,20,0,2,91, 5:12,
74,74,,0.00,0.00,187.0,Middle School,74.0,05:37,2,20,0,2,91, 4:17,,CA,24.0,,11-1043,Middle School,187.00,21,0,1,96, 5:37,
75,75,,0.00,0.00,187.0,Middle School,75.0,05:46,2,20,0,2,91, 5:45,,CAN,1.0,,11-0499,Middle School,187.00,21,0,1,96, 5:46,
76,76,,0.00,0.00,187.0,Middle School,76.0,05:44,2,20,0,2,91, 5:42,,OH,4.0,,11-1126,Middle School,187.00,21,0,1,96, 5:40,
77,77,,0.00,0.00,187.0,Middle School,77.0,05:40,2,21,0,1,96, 5:40,,CO,4.0,,11-1262,Middle School,187.00,20,0,2,91, 5:27,
78,78,,0.00,0.00,187.0,Middle School,78.0,05:54,2,20,0,2,91, 5:53,,FL,3.0,,11-0599,Middle School,187.00,21,0,1,96, 5:52,
79,79,,0.00,0.00,187.0,Middle School,79.0,05:49,2,20,0,2,91, 5:49,,CA,25.0,,11-5868,Middle School,187.00,21,0,1,96, 5:32,
80,80,,0.00,0.00,187.0,Middle School,80.0,05:48,2,21,0,1,96, 5:47,,CA,26.0,,11-0777,Middle School,187.00,20,0,2,91, 5:48,
81,81,,0.00,0.00,186.0,Middle School,81.0,05:04,2,20,0,2,93, 4:54,,CA,27.0,,11-0980,Middle School,186.00,20,0,2,93, 5:04,
82,82,,0.00,0.00,186.0,Middle School,82.0,05:59,2,20,0,2,91, 5:57,,TX,12.0,,11-2852,Middle School,186.00,21,0,1,95, 5:59,
83,83,,0.00,0.00,186.0,Middle School,83.0,05:56,2,21,0,1,95, 5:54,,NV,2.0,,11-0345,Middle School,186.00,20,0,2,91, 5:56,
84,84,T,0.00,0.00,186.0,Middle School,84.0,07:25,2,20,0,2,93, 7:07,T,CA,28.0,,11-4518,Middle School,186.00,20,0,2,93, 5:41,
85,85,,0.00,0.00,185.0,Middle School,85.0,06:00,2,20,0,2,93, 5:59,,NV,3.0,,11-0346,Middle School,185.00,20,0,2,92, 5:56,
86,86,,0.00,0.00,184.0,Middle School,86.0,05:34,2,20,0,2,92, 5:34,,HI,4.0,,11-2327,Middle School,184.00,20,0,2,92, 5:21,
87,87,,0.00,0.00,184.0,Middle School,87.0,05:48,2,21,0,1,96, 5:47,,CA,29.0,,11-2242,Middle School,184.00,19,0,3,88, 5:48,
88,88,,0.00,0.00,183.0,Middle School,88.0,04:19,2,20,0,2,92, 4:14,,CA,30.0,,11-0339,Middle School,183.00,20,0,2,91, 4:18,
89,89,,0.00,0.00,183.0,Middle School,89.0,05:28,2,19,0,3,87, 5:26,,CO,5.0,,11-0651,Middle School,183.00,21,0,1,96, 5:28,
90,90,,0.00,0.00,183.0,Middle School,90.0,05:28,2,21,0,1,96, 5:28,,UT,1.0,,11-4920,Middle School,183.00,19,0,3,87, 4:13,
91,91,,0.00,0.00,183.0,Middle School,91.0,05:41,2,20,0,2,91, 5:40,,CA,31.0,,11-5077,Middle School,183.00,20,0,2,92, 5:41,
92,92,,0.00,0.00,183.0,Middle School,92.0,05:54,2,20,0,2,91, 5:53,,CA,32.0,,11-3257,Middle School,183.00,20,0,2,92, 5:53,
93,93,M,0.00,0.00,183.0,Middle School,93.0,05:58,2,20,0,2,91, 5:57,M,CA,33.0,,11-1678,Middle School,183.00,20,0,2,92, 5:58,
94,94,,0.00,0.00,183.0,Middle School,94.0,05:14,2,20,0,2,91, 5:14,,OH,5.0,,11-2966,Middle School,183.00,20,0,2,92, 5:12,
95,95,T,0.00,0.00,183.0,Middle School,95.0,06:01,2,21,0,1,96, 5:51,,TX,13.0,,11-3350,Middle School,183.00,19,0,3,87, 5:43,
96,96,,0.00,0.00,183.0,Middle School,96.0,05:51,2,19,0,3,87, 5:51,,VA,6.0,,11-2686,Middle School,183.00,21,0,1,96, 5:50,
97,97,,0.00,0.00,183.0,Middle School,97.0,05:44,2,20,0,2,92, 5:43,,TX,14.0,,11-0105,Middle School,183.00,20,0,2,91, 4:13,
98,98,,0.00,0.00,183.0,Middle School,98.0,05:56,2,21,0,1,96, 5:55,,BMU,1.0,,11-2903,Middle School,183.00,19,0,3,87, 5:56,
99,99,,0.00,0.00,183.0,Middle School,99.0,05:53,2,21,0,1,96, 5:52,,TX,15.0,,11-0862,Middle School,183.00,19,0,3,87, 5:50,
100,100,T,0.00,0.00,183.0,Middle School,100.0,06:07,2,19,0,3,87, 6:06,T,CA,34.0,,11-4565,Middle School,183.00,21,0,1,96, 6:01,T
101,101,,0.00,0.00,183.0,Middle School,101.0,05:56,2,20,0,2,92, 5:51,,TX,16.0,,11-0110,Middle School,183.00,20,0,2,91, 5:50,
102,102,,0.00,0.00,182.0,Middle School,102.0,05:26,2,20,0,2,91, 5:22,,CA,35.0,,11-5873,Middle School,182.00,20,0,2,91, 5:26,
103,103,,0.00,0.00,182.0,Middle School,103.0,05:37,2,19,0,3,87, 5:36,,CO,6.0,,11-0675,Middle School,182.00,21,0,1,95, 5:36,
104,104,,0.00,0.00,182.0,Middle School,104.0,05:04,2,20,0,2,91, 5:00,,CAN,2.0,,11-4188,Middle School,182.00,20,0,2,91, 4:57,
105,105,,0.00,0.00,182.0,Middle School,105.0,05:26,2,20,0,2,93, 5:11,,CA,36.0,,11-5256,Middle School,182.00,19,0,3,89, 5:26,
106,106,,0.00,0.00,182.0,Middle School,106.0,05:37,2,22,0,0,100, 5:26,,RI,1.0,,11-4987,Middle School,182.00,18,0,4,82, 5:37,
107,107,,0.00,0.00,182.0,Middle School,107.0,05:36,2,22,0,0,100, 5:26,,RI,2.0,,11-6514,Middle School,182.00,18,0,4,82, 5:36,
108,108,,0.00,0.00,182.0,Middle School,108.0,05:36,2,20,0,2,93, 2:58,,NJ,1.0,,11-3446,Middle School,182.00,19,0,3,89, 2:32,
109,109,,0.00,0.00,182.0,Middle School,109.0,05:49,2,21,0,1,95, 5:45,,CO,7.0,,11-0677,Middle School,182.00,19,0,3,87, 5:49,
110,110,,0.00,0.00,182.0,Middle School,110.0,05:45,2,19,0,3,89, 5:41,,CA,37.0,,11-0342,Middle School,182.00,20,0,2,93, 5:41,
111,111,M,0.00,0.00,181.0,Middle School,111.0,04:56,2,18,0,4,85, 4:41,,CA,38.0,,11-2186,Middle School,181.00,21,0,1,96, 4:56,M
112,112,,0.00,0.00,181.0,Middle School,112.0,05:15,2,20,0,2,93, 5:11,,GA,4.0,,11-5197,Middle School,181.00,19,0,3,88, 5:06,
113,113,,0.00,0.00,181.0,Middle School,113.0,05:41,2,20,0,2,92, 5:20,,TX,17.0,,11-0567,Middle School,181.00,19,0,3,89, 5:41,
114,114,,0.00,0.00,181.0,Middle School,114.0,05:53,2,20,0,2,91, 5:53,,CAN,3.0,,11-1093,Middle School,181.00,20,0,2,90, 5:48,
115,115,,0.00,0.00,180.0,Middle School,115.0,05:46,2,18,0,4,84, 5:45,,NC,1.0,,11-6914,Middle School,180.00,21,0,1,96, 5:44,
116,116,,0.00,0.00,180.0,Middle School,116.0,06:00,2,19,0,3,89, 5:59,,AL,5.0,,11-4728,Middle School,180.00,20,0,2,91, 5:59,
117,117,,0.00,0.00,179.0,Middle School,117.0,02:45,2,19,0,3,88, 2:40,,OK,1.0,,11-3083,Middle School,179.00,20,0,2,91, 2:38,
118,118,,0.00,0.00,179.0,Middle School,118.0,05:53,2,20,0,2,91, 5:53,,FL,4.0,,11-0598,Middle School,179.00,19,0,3,88, 5:51,
119,119,,0.00,0.00,179.0,Middle School,119.0,05:52,2,21,0,1,96, 5:51,,GA,5.0,,11-3503,Middle School,179.00,18,0,4,83, 5:52,
120,120,,0.00,0.00,179.0,Middle School,120.0,05:48,2,19,0,3,87, 5:47,,CAN,4.0,,11-3773,Middle School,179.00,20,0,2,92, 5:08,
121,121,,0.00,0.00,179.0,Middle School,121.0,05:46,2,19,0,3,88, 5:37,,VA,7.0,,11-5797,Middle School,179.00,20,0,2,91, 5:45,
122,122,,0.00,0.00,179.0,Middle School,122.0,05:45,2,20,0,2,92, 5:43,,MO,5.0,,11-0204,Middle School,179.00,19,0,3,87, 5:44,
123,123,,0.00,0.00,179.0,Middle School,123.0,05:35,2,21,0,1,96, 5:19,,CO,8.0,,11-1943,Middle School,179.00,18,0,4,83, 5:31,
124,124,T,0.00,0.00,179.0,Middle School,124.0,16:37,2,22,0,0,100,16:37,T,MO,6.0,,11-0207,Middle School,179.00,17,0,5,79, 5:36,
125,125,T,0.00,0.00,179.0,Middle School,125.0,06:01,2,21,0,1,96, 5:47,,GA,6.0,,11-3500,Middle School,179.00,18,0,4,83, 6:01,T
126,126,,0.00,0.00,179.0,Middle School,126.0,05:53,2,20,0,2,92, 5:53,,CA,39.0,,11-0343,Middle School,179.00,19,0,3,87, 5:39,
127,127,,0.00,0.00,179.0,Middle School,127.0,05:47,2,19,0,3,83, 5:46,,CO,9.0,,11-3514,Middle School,179.00,21,0,1,96, 5:42,
128,128,,0.00,0.00,179.0,Middle School,128.0,05:47,2,19,0,3,87, 5:43,,TX,18.0,,11-0863,Middle School,179.00,20,0,2,92, 5:46,
129,129,,0.00,0.00,179.0,Middle School,129.0,05:55,2,21,0,1,96, 5:54,,NV,4.0,,11-0344,Middle School,179.00,18,0,4,83, 5:55,
130,130,T,0.00,0.00,179.0,Middle School,130.0,06:37,2,20,0,2,92, 5:28,,VA,8.0,,11-1088,Middle School,179.00,19,0,3,87, 6:20,T
131,131,,0.00,0.00,178.0,Middle School,131.0,02:53,2,18,0,4,82, 2:51,,VA,9.0,,11-3627,Middle School,178.00,21,0,1,96, 2:34,
132,132,,0.00,0.00,178.0,Middle School,132.0,05:35,2,19,0,3,87, 5:35,,CA,40.0,,11-4381,Middle School,178.00,20,0,2,91, 5:34,
133,133,,0.00,0.00,178.0,Middle School,133.0,04:12,2,20,0,2,91, 4:11,,FL,5.0,,11-0224,Middle School,178.00,19,0,3,87, 4:11,
134,134,,0.00,0.00,178.0,Middle School,134.0,04:55,2,20,0,2,91, 2:51,,RI,3.0,,11-0908,Middle School,178.00,19,0,3,87, 4:41,
135,135,,0.00,0.00,178.0,Middle School,135.0,04:55,2,20,0,2,92, 4:55,,CA,41.0,,11-1232,Middle School,178.00,19,0,3,86, 4:46,
136,136,,0.00,0.00,178.0,Middle School,136.0,05:53,2,20,0,2,92, 5:53,,WA,1.0,,11-7020,Middle School,178.00,19,0,3,86, 5:46,
137,137,,0.00,0.00,178.0,Middle School,137.0,05:43,2,21,0,1,95, 5:43,,NC,2.0,,11-2711,Middle School,178.00,18,0,4,83, 3:01,
138,138,,0.00,0.00,178.0,Middle School,138.0,05:58,2,19,0,3,87, 5:57,,CA,42.0,,11-0778,Middle School,178.00,20,0,2,91, 5:57,
139,139,,0.00,0.00,178.0,Middle School,139.0,05:37,2,19,0,3,87, 5:28,,NJ,2.0,,11-1099,Middle School,178.00,20,0,2,91, 5:37,
140,140,,0.00,0.00,178.0,Middle School,140.0,05:59,2,18,0,4,82, 5:58,,TX,19.0,,11-2853,Middle School,178.00,21,0,1,96, 5:59,
141,141,,0.00,0.00,177.0,Middle School,141.0,05:04,2,19,0,3,86, 4:51,,LA,1.0,,11-5364,Middle School,177.00,20,0,2,91, 5:04,
142,142,,0.00,0.00,177.0,Middle School,142.0,04:55,2,19,0,3,86, 4:53,,LA,2.0,,11-2795,Middle School,177.00,20,0,2,91, 4:55,
143,143,,0.00,0.00,177.0,Middle School,143.0,05:32,2,19,0,3,89, 5:29,,AL,6.0,,11-1136,Middle School,177.00,19,0,3,88, 5:14,
144,144,,0.00,0.00,177.0,Middle School,144.0,05:32,2,20,0,2,91, 5:30,,AL,7.0,,11-2190,Middle School,177.00,19,0,3,86, 5:32,
145,145,,0.00,0.00,177.0,Middle School,145.0,05:37,2,20,0,2,93, 2:16,,NH,1.0,,11-4547,Middle School,177.00,18,0,4,84, 3:18,
146,146,,0.00,0.00,177.0,Middle School,146.0,05:53,2,19,0,3,89, 5:48,,CA,43.0,,11-6124,Middle School,177.00,19,0,3,88, 5:53,
147,147,,0.00,0.00,176.0,Middle School,147.0,05:46,2,20,0,2,90, 5:42,,FL,6.0,,11-0228,Middle School,176.00,19,0,3,86, 5:46,
148,148,,0.00,0.00,176.0,Middle School,148.0,04:58,2,20,0,2,92, 4:57,,NY,1.0,,11-3646,Middle School,176.00,18,0,4,84, 4:57,
149,149,,0.00,0.00,176.0,Middle School,149.0,05:56,2,17,0,5,80, 5:55,,CA,44.0,,11-4568,Middle School,176.00,21,0,1,96, 5:55,
150,150,,0.00,0.00,176.0,Middle School,150.0,05:51,2,20,0,2,91, 5:34,,MO,7.0,,11-0375,Middle School,176.00,18,0,4,85, 5:51,
151,151,,0.00,0.00,176.0,Middle School,151.0,05:56,2,20,0,2,93, 5:54,,CA,45.0,,11-1768,Middle School,176.00,18,0,4,83, 5:37,
152,152,,0.00,0.00,175.0,Middle School,152.0,02:50,2,17,0,5,79, 2:48,,KY,1.0,,11-1540,Middle School,175.00,21,0,1,96, 2:48,
153,153,,0.00,0.00,175.0,Middle School,153.0,03:31,2,18,0,4,79, 3:16,,GA,7.0,,11-2677,Middle School,175.00,21,0,1,96, 3:31,
154,154,,0.00,0.00,175.0,Middle School,154.0,05:19,2,18,0,4,84, 4:26,,TX,20.0,,11-5469,Middle School,175.00,20,0,2,91, 5:18,
155,155,T,0.00,0.00,175.0,Middle School,155.0,06:14,2,20,0,2,91, 6:11,T,CA,46.0,,11-3260,Middle School,175.00,18,0,4,84, 6:02,T
156,156,,0.00,0.00,175.0,Middle School,156.0,05:57,2,19,0,3,88, 5:57,,TX,21.0,,11-2850,Middle School,175.00,19,0,3,87, 5:52,
157,157,,0.00,0.00,175.0,Middle School,157.0,05:29,2,16,0,6,75, 5:29,,HI,5.0,,11-2024,Middle School,175.00,22,0,0,100, 5:27,
158,158,,0.00,0.00,175.0,Middle School,158.0,05:44,2,19,0,3,89, 5:43,,TX,22.0,,11-0111,Middle School,175.00,19,0,3,86, 5:40,
159,159,,0.00,0.00,175.0,Middle School,159.0,05:44,2,21,0,1,96, 5:43,,VA,10.0,,11-0075,Middle School,175.00,17,0,5,79, 5:43,
160,160,,0.00,0.00,175.0,Middle School,160.0,05:56,2,18,0,4,83, 5:56,,CA,47.0,,11-3259,Middle School,175.00,20,0,2,92, 5:51,
161,161,,0.00,0.00,174.0,Middle School,161.0,04:09,2,19,0,3,88, 4:04,,VA,11.0,,11-5929,Middle School,174.00,19,0,3,86, 2:32,
162,162,,0.00,0.00,174.0,Middle School,162.0,05:36,2,19,0,3,89, 5:36,,TX,23.0,,11-0864,Middle School,174.00,18,0,4,85, 5:33,
163,163,,0.00,0.00,174.0,Middle School,163.0,05:45,2,18,0,4,83, 4:13,,CA,48.0,,11-1837,Middle School,174.00,20,0,2,91, 5:44,
164,164,,0.00,0.00,174.0,Middle School,164.0,05:14,2,18,0,4,83, 3:39,,VA,12.0,,11-6408,Middle School,174.00,20,0,2,91, 5:14,
165,165,T,0.00,0.00,174.0,Middle School,165.0,06:03,2,19,0,3,87, 6:01,T,VA,13.0,,11-5930,Middle School,174.00,19,0,3,87, 5:48,
166,166,,0.00,0.00,174.0,Middle School,166.0,05:54,2,20,0,2,91, 5:51,,GA,8.0,,11-3502,Middle School,174.00,18,0,4,83, 5:46,
167,167,,0.00,0.00,174.0,Middle School,167.0,05:42,2,20,0,2,91, 5:40,,NJ,3.0,,11-3533,Middle School,174.00,18,0,4,83, 5:40,
168,168,,0.00,0.00,174.0,Middle School,168.0,05:39,2,20,0,2,91, 5:38,,CA,49.0,,11-3258,Middle School,174.00,18,0,4,83, 5:35,
169,169,,0.00,0.00,174.0,Middle School,169.0,05:44,2,20,0,2,92, 5:43,,CA,50.0,,11-4371,Middle School,174.00,19,1,3,82, 5:42,
170,170,,0.00,0.00,174.0,Middle School,170.0,05:50,2,20,0,2,91, 5:49,,FL,7.0,,11-2555,Middle School,174.00,18,0,4,83, 5:49,
171,171,,0.00,0.00,174.0,Middle School,171.0,05:59,2,19,0,3,87, 5:32,,AL,8.0,,11-1583,Middle School,174.00,19,0,3,87, 5:59,
172,172,,0.00,0.00,173.0,Middle School,172.0,05:47,2,18,0,4,84, 3:16,,VA,14.0,,11-4504,Middle School,173.00,19,0,3,89, 5:45,
173,173,,0.00,0.00,173.0,Middle School,173.0,05:47,2,18,0,4,83, 5:46,,TX,24.0,,11-3359,Middle School,173.00,20,0,2,90, 5:40,
174,174,,0.00,0.00,173.0,Middle School,174.0,05:57,2,18,0,4,84, 5:57,,HI,6.0,,11-1220,Middle School,173.00,19,0,3,89, 5:46,
175,175,,0.00,0.00,173.0,Middle School,175.0,05:26,2,20,0,2,91, 5:25,,CA,51.0,,11-0734,Middle School,173.00,18,0,4,82, 5:26,
176,176,,0.00,0.00,173.0,Middle School,176.0,05:31,2,19,0,3,86, 5:29,,CO,10.0,,11-4808,Middle School,173.00,19,0,3,87, 5:31,
177,177,,0.00,0.00,173.0,Middle School,177.0,05:55,2,19,0,3,88, 5:51,,VA,15.0,,11-1741,Middle School,173.00,18,0,4,85, 5:55,
178,178,,0.00,0.00,173.0,Middle School,178.0,05:51,2,18,0,4,82, 5:51,,OK,2.0,,11-0025,Middle School,173.00,20,0,2,91, 5:50,
179,179,,0.00,0.00,173.0,Middle School,179.0,05:55,2,19,0,3,87, 5:47,,MO,8.0,,11-0201,Middle School,173.00,19,0,3,86, 5:54,
180,180,,0.00,0.00,173.0,Middle School,180.0,05:56,2,18,0,4,82, 3:19,,TX,25.0,,11-0865,Middle School,173.00,20,0,2,91, 5:56,
181,181,,-5.00,0.00,178.0,Middle School,181.0,06:00,2,20,0,2,91, 5:59,,CO,11.0,,11-0539,Middle School,173.00,19,0,3,87, 6:00,
182,182,T,0.00,0.00,172.0,Middle School,182.0,06:02,2,19,0,3,89, 5:31,,CA,52.0,,11-2977,Middle School,172.00,18,0,4,83, 6:02,T
183,183,,0.00,0.00,172.0,Middle School,183.0,05:44,2,19,0,3,86, 5:33,,CA,53.0,,11-0730,Middle School,172.00,19,0,3,86, 5:42,
184,184,,0.00,0.00,172.0,Middle School,184.0,05:41,2,21,0,1,95, 5:40,,GA,9.0,,11-1402,Middle School,172.00,17,0,5,77, 5:41,
185,185,,0.00,0.00,172.0,Middle School,185.0,05:49,2,18,0,4,85, 5:47,,TX,26.0,,11-3806,Middle School,172.00,19,0,3,87, 5:43,
186,186,,0.00,0.00,171.0,Middle School,186.0,04:59,2,18,0,4,83, 4:57,,NJ,4.0,,11-3914,Middle School,171.00,19,0,3,88, 4:59,
187,187,,0.00,0.00,171.0,Middle School,187.0,05:08,2,17,0,5,79, 4:55,,CA,54.0,,11-5265,Middle School,171.00,20,0,2,92, 5:08,
188,188,,0.00,0.00,171.0,Middle School,188.0,05:52,2,18,0,4,83, 5:52,,MI,1.0,,11-2617,Middle School,171.00,19,0,3,88, 1:39,
189,189,,0.00,0.00,171.0,Middle School,189.0,05:57,2,18,0,4,84, 5:44,,AL,9.0,,11-1917,Middle School,171.00,19,0,3,87, 5:38,
190,190,,0.00,0.00,171.0,Middle School,190.0,05:50,2,17,0,5,80, 5:44,,CA,55.0,,11-2243,Middle School,171.00,20,0,2,91, 5:50,
191,191,T,0.00,0.00,171.0,Middle School,191.0,06:01,2,18,0,4,83, 6:00,,HI,7.0,,11-3266,Middle School,171.00,19,0,3,88, 6:01,T
192,192,,0.00,0.00,170.0,Middle School,192.0,03:23,2,17,0,5,79, 3:07,,GA,10.0,,11-0608,Middle School,170.00,20,0,2,91, 3:23,
193,193,,0.00,0.00,170.0,Middle School,193.0,04:18,2,19,0,3,87, 4:18,,NJ,5.0,,11-1467,Middle School,170.00,18,0,4,83, 4:15,
194,194,T,0.00,0.00,170.0,Middle School,194.0,12:07,2,18,0,4,83, 5:19,,SC,2.0,,11-3085,Middle School,170.00,19,0,3,87,12:05,T
195,195,,0.00,0.00,170.0,Middle School,195.0,05:57,2,19,0,3,87, 5:53,,HI,8.0,,11-3267,Middle School,170.00,18,0,4,83, 5:56,
196,196,,0.00,0.00,170.0,Middle School,196.0,05:33,2,19,0,3,86, 5:32,,WY,1.0,,11-1123,Middle School,170.00,18,0,4,84, 5:32,
197,197,MT,-5.00,0.00,175.0,Middle School,197.0,06:01,2,20,0,2,91, 5:56,,CA,56.0,,11-3262,Middle School,170.00,18,0,4,84, 6:01,MT
198,198,,0.00,0.00,170.0,Middle School,198.0,05:49,2,20,0,2,92, 5:47,,AL,10.0,,11-0434,Middle School,170.00,17,0,5,78, 5:49,
199,199,,0.00,0.00,170.0,Middle School,199.0,05:56,2,18,0,4,83, 5:52,,NV,5.0,,11-0347,Middle School,170.00,19,0,3,87, 5:56,
200,200,,0.00,0.00,170.0,Middle School,200.0,05:45,2,18,0,4,83, 5:44,,CA,57.0,,11-0340,Middle School,170.00,19,0,3,87, 5:45,
201,201,,0.00,0.00,170.0,Middle School,201.0,05:48,2,19,0,3,87, 5:46,,AZ,3.0,,11-2436,Middle School,170.00,18,0,4,83, 5:48,
202,202,T,0.00,0.00,170.0,Middle School,202.0,06:03,2,20,0,2,91, 5:44,,VA,16.0,,11-3936,Middle School,170.00,17,0,5,79, 6:02,T
203,203,M,0.00,0.00,170.0,Middle School,203.0,05:59,2,19,0,3,87, 5:58,M,GA,11.0,,11-1397,Middle School,170.00,18,0,4,83, 5:51,
204,204,MT,0.00,0.00,170.0,Middle School,204.0,15:36,2,16,0,6,75,15:34,MT,MD,2.0,,11-1867,Middle School,170.00,21,0,1,95, 5:33,
205,205,,0.00,0.00,169.0,Middle School,205.0,03:51,2,19,0,3,86, 3:49,,TN,1.0,,11-2316,Middle School,169.00,18,0,4,83, 3:51,
206,206,,0.00,0.00,169.0,Middle School,206.0,05:54,2,20,0,2,91, 5:53,,VA,17.0,,11-0072,Middle School,169.00,17,0,5,78, 5:54,
207,207,,0.00,0.00,169.0,Middle School,207.0,05:35,2,20,0,2,91, 5:32,,CA,58.0,,11-4062,Middle School,169.00,17,0,5,78, 5:35,
208,208,,0.00,0.00,169.0,Middle School,208.0,05:20,2,18,0,4,84, 5:12,,TX,27.0,,11-0566,Middle School,169.00,18,0,4,85, 5:19,
209,209,,0.00,0.00,169.0,Middle School,209.0,05:43,2,18,0,4,82, 5:43,,CA,59.0,,11-3264,Middle School,169.00,19,0,3,87, 5:25,
210,210,T,0.00,0.00,169.0,Middle School,210.0,06:01,2,18,0,4,83, 1:53,,IL,2.0,,11-0701,Middle School,169.00,19,0,3,86, 4:06,
211,211,,0.00,0.00,169.0,Middle School,211.0,05:53,2,18,0,4,82, 5:53,,TX,28.0,,11-5179,Middle School,169.00,19,0,3,87, 5:52,
212,212,T,0.00,0.00,169.0,Middle School,212.0,06:01,2,18,0,4,82, 5:59,,MD,3.0,,11-3470,Middle School,169.00,19,0,3,87, 6:01,T
213,213,,0.00,0.00,168.0,Middle School,213.0,02:46,2,19,1,3,83, 2:41,,VA,18.0,,11-3774,Middle School,168.00,18,0,4,85, 2:46,
214,214,,0.00,0.00,168.0,Middle School,214.0,03:25,2,17,0,5,80, 3:24,,GA,12.0,,11-2678,Middle School,168.00,19,0,3,88, 3:25,
215,215,,0.00,0.00,168.0,Middle School,215.0,04:58,2,18,0,4,82, 4:57,,CO,12.0,,11-1910,Middle School,168.00,19,0,3,86, 4:58,
216,216,,0.00,0.00,168.0,Middle School,216.0,05:32,2,18,0,4,84, 5:31,,NJ,6.0,,11-4765,Middle School,168.00,18,0,4,84, 5:31,
217,217,,0.00,0.00,168.0,Middle School,217.0,05:17,2,19,0,3,86, 5:15,,MN,1.0,,11-3686,Middle School,168.00,18,0,4,82, 5:17,
218,218,,0.00,0.00,168.0,Middle School,218.0,05:53,2,18,0,4,82, 5:52,,AZ,4.0,,11-0302,Middle School,168.00,19,0,3,86, 5:53,
219,219,,0.00,0.00,168.0,Middle School,219.0,05:56,2,17,0,5,81, 5:55,,CA,60.0,,11-2669,Middle School,168.00,19,0,3,87, 5:51,
220,220,,0.00,0.00,168.0,Middle School,220.0,05:53,2,18,0,4,84, 2:18,,CA,61.0,,11-4949,Middle School,168.00,18,0,4,84, 5:52,
221,221,T,-4.00,0.00,172.0,Middle School,221.0,06:05,2,19,0,3,88, 6:05,T,GA,13.0,,11-2908,Middle School,168.00,18,0,4,84, 5:59,
222,222,,0.00,0.00,167.0,Middle School,222.0,04:06,2,19,0,3,88, 4:02,,VA,19.0,,11-4870,Middle School,167.00,18,1,4,79, 4:06,
223,223,,0.00,0.00,167.0,Middle School,223.0,04:05,2,18,0,4,83, 1:50,,VA,20.0,,11-6366,Middle School,167.00,18,0,4,84, 4:05,
224,224,,0.00,0.00,167.0,Middle School,224.0,05:45,2,16,0,6,76, 2:33,,TX,29.0,,11-0108,Middle School,167.00,20,0,2,91, 5:45,
225,225,,0.00,0.00,167.0,Middle School,225.0,05:37,2,19,0,3,88, 5:37,,CO,13.0,,11-0672,Middle School,167.00,17,0,5,79, 5:36,
226,226,,0.00,0.00,167.0,Middle School,226.0,05:54,2,19,0,3,88, 5:51,,TX,30.0,,11-3755,Middle School,167.00,17,0,5,79, 5:53,
227,227,,0.00,0.00,167.0,Middle School,227.0,05:55,2,17,0,5,80, 5:15,,NC,3.0,,11-6915,Middle School,167.00,19,0,3,87, 5:54,
228,228,,0.00,0.00,167.0,Middle School,228.0,05:51,2,18,0,4,83, 5:50,,FL,8.0,,11-0305,Middle School,167.00,18,0,4,84, 5:50,
229,229,,0.00,0.00,167.0,Middle School,229.0,05:56,2,19,0,3,87, 5:56,,CA,62.0,,11-5266,Middle School,167.00,17,0,5,80, 2:47,
230,230,T,0.00,0.00,166.0,Middle School,230.0,06:02,2,16,0,6,75, 3:34,,CA,63.0,,11-2218,Middle School,166.00,20,0,2,91, 6:02,T
231,231,,0.00,0.00,166.0,Middle School,231.0,05:54,2,18,0,4,84, 5:51,,CO,14.0,,11-3459,Middle School,166.00,18,0,4,82, 5:47,
232,232,,0.00,0.00,166.0,Middle School,232.0,05:59,2,18,0,4,83, 5:53,,OK,3.0,,11-0024,Middle School,166.00,18,0,4,83, 5:59,
233,233,T,0.00,0.00,166.0,Middle School,233.0,06:01,2,19,0,3,87, 5:58,,AL,11.0,,11-2269,Middle School,166.00,17,0,5,79, 6:01,T
234,234,,0.00,0.00,166.0,Middle School,234.0,05:56,2,19,0,3,87, 5:53,,CA,64.0,,11-0587,Middle School,166.00,17,0,5,79, 5:53,
235,235,,0.00,0.00,166.0,Middle School,235.0,05:33,2,18,0,4,83, 5:33,,CA,65.0,,11-3765,Middle School,166.00,18,0,4,83, 5:27,
236,236,,0.00,0.00,166.0,Middle School,236.0,05:44,2,20,0,2,92, 5:06,,VA,21.0,,11-5565,Middle School,166.00,16,0,6,74, 5:37,
237,237,,0.00,0.00,165.0,Middle School,237.0,05:31,2,17,0,5,78, 5:30,,IL,3.0,,11-1234,Middle School,165.00,19,0,3,87, 5:31,
238,238,,0.00,0.00,165.0,Middle School,238.0,05:53,2,19,0,3,87, 5:53,,CO,15.0,,11-3187,Middle School,165.00,17,0,5,78, 4:35,
239,239,,0.00,0.00,165.0,Middle School,239.0,05:50,2,18,0,4,83, 5:50,,CA,66.0,,11-0591,Middle School,165.00,18,0,4,82, 5:28,
240,240,,0.00,0.00,164.0,Middle School,240.0,05:04,2,18,0,4,85, 5:03,,AL,12.0,,11-2704,Middle School,164.00,17,0,5,79, 5:03,
241,241,,0.00,0.00,164.0,Middle School,241.0,05:35,2,16,0,6,76, 5:33,,CA,67.0,,11-5273,Middle School,164.00,19,0,3,88, 5:35,
242,242,,0.00,0.00,164.0,Middle School,242.0,04:11,2,19,0,3,89, 4:10,,GA,14.0,,11-3568,Middle School,164.00,16,0,6,75, 4:11,
243,243,,0.00,0.00,164.0,Middle School,243.0,03:49,2,18,0,4,82, 3:48,,CA,68.0,,11-0732,Middle School,164.00,18,0,4,82, 3:45,
244,244,,0.00,0.00,164.0,Middle School,244.0,03:35,2,20,0,2,93, 3:30,,AP,1.0,,11-0476,Middle School,164.00,15,0,7,71, 3:32,
245,245,,0.00,0.00,164.0,Middle School,245.0,05:45,2,18,0,4,84, 5:44,,CA,69.0,,11-4372,Middle School,164.00,17,0,5,80, 5:45,
246,246,,0.00,0.00,164.0,Middle School,246.0,04:17,2,18,0,4,82, 3:59,,GA,15.0,,11-0610,Middle School,164.00,18,0,4,82, 4:17,
247,247,,0.00,0.00,164.0,Middle School,247.0,04:28,2,19,0,3,86, 4:04,,VA,22.0,,11-6407,Middle School,164.00,17,0,5,78, 4:23,
248,248,,0.00,0.00,164.0,Middle School,248.0,04:37,2,20,0,2,93, 4:37,,HI,9.0,,11-4479,Middle School,164.00,15,0,7,71, 4:24,
249,249,,0.00,0.00,164.0,Middle School,249.0,05:14,2,19,0,3,88, 5:14,,CO,16.0,,11-6109,Middle School,164.00,16,0,6,76, 5:11,
250,250,,0.00,0.00,164.0,Middle School,250.0,05:48,2,16,0,6,76, 5:47,,VA,23.0,,11-1578,Middle School,164.00,19,0,3,88, 5:47,
251,251,,0.00,0.00,164.0,Middle School,251.0,05:58,2,19,0,3,88, 5:57,,DE,3.0,,11-2670,Middle School,164.00,16,0,6,76, 5:56,
252,252,,0.00,0.00,163.0,Middle School,252.0,03:59,2,16,0,6,76, 3:53,,LA,3.0,,11-1864,Middle School,163.00,19,0,3,87, 3:59,
253,253,,0.00,0.00,163.0,Middle School,253.0,05:35,2,17,0,5,80, 5:34,,CA,70.0,,11-0210,Middle School,163.00,18,0,4,83, 5:35,
254,254,,0.00,0.00,163.0,Middle School,254.0,05:30,2,18,0,4,83, 5:30,,FL,9.0,,11-3165,Middle School,163.00,17,0,5,80, 5:23,
255,255,,0.00,0.00,163.0,Middle School,255.0,05:48,2,19,0,3,87, 4:32,,SC,3.0,,11-1401,Middle School,163.00,16,0,6,76, 5:48,
256,256,,0.00,0.00,162.0,Middle School,256.0,04:57,2,18,0,4,83, 4:38,,CA,71.0,,11-4440,Middle School,162.00,17,0,5,79, 4:57,
257,257,,0.00,0.00,162.0,Middle School,257.0,05:37,2,16,0,6,76, 5:35,,TX,31.0,,11-0586,Middle School,162.00,19,0,3,86, 5:29,
258,258,M,0.00,0.00,162.0,Middle School,258.0,05:55,2,17,0,5,79, 5:29,M,RI,4.0,,11-7025,Middle School,162.00,18,0,4,83, 5:55,
259,259,,0.00,0.00,162.0,Middle School,259.0,05:32,2,18,0,4,83, 5:31,,AL,13.0,,11-4242,Middle School,162.00,17,0,5,79, 5:32,
260,260,,0.00,0.00,162.0,Middle School,260.0,05:24,2,18,0,4,84, 5:23,,CO,17.0,,11-0176,Middle School,162.00,18,1,4,78, 5:21,
261,261,,0.00,0.00,162.0,Middle School,261.0,05:41,2,16,0,6,74, 2:41,,MI,2.0,,11-2618,Middle School,162.00,19,0,3,88, 5:34,
262,262,,0.00,0.00,162.0,Middle School,262.0,05:41,2,19,0,3,87, 5:41,,CA,72.0,,11-4602,Middle School,162.00,16,0,6,75, 5:39,
263,263,T,0.00,0.00,162.0,Middle School,263.0,26:03,2,17,0,5,79,23:08,T,CO,18.0,,11-1942,Middle School,162.00,18,0,4,83,26:03,T
264,264,,0.00,0.00,161.0,Middle School,264.0,04:09,2,18,0,4,82, 3:57,,MI,3.0,,11-1665,Middle School,161.00,17,0,5,79, 4:09,
265,265,,0.00,0.00,161.0,Middle School,265.0,05:59,2,17,0,5,79, 5:59,,SC,4.0,,11-3084,Middle School,161.00,18,0,4,82, 5:57,
266,266,,0.00,0.00,161.0,Middle School,266.0,05:32,2,17,0,5,79, 5:31,,AL,14.0,,11-2191,Middle School,161.00,18,0,4,82, 5:32,
267,267,M,-5.00,0.00,166.0,Middle School,267.0,05:02,2,19,0,3,87, 4:11,,VA,24.0,,11-5130,Middle School,161.00,17,0,5,79, 5:02,M
268,268,,0.00,0.00,161.0,Middle School,268.0,05:03,2,19,0,3,87, 5:03,,NJ,7.0,,11-3429,Middle School,161.00,16,0,6,74, 4:55,
269,269,,0.00,0.00,161.0,Middle School,269.0,05:02,2,16,0,6,74, 4:24,,MD,4.0,,11-3870,Middle School,161.00,19,0,3,87, 5:02,
270,270,,0.00,0.00,161.0,Middle School,270.0,05:23,2,19,0,3,87, 5:16,,CA,73.0,,11-0776,Middle School,161.00,16,0,6,74, 5:23,
271,271,,0.00,0.00,161.0,Middle School,271.0,05:31,2,19,0,3,87, 5:29,,SD,1.0,,11-0194,Middle School,161.00,16,0,6,74, 5:31,
272,272,,0.00,0.00,161.0,Middle School,272.0,05:51,2,17,0,5,79, 5:50,,AL,15.0,,11-1418,Middle School,161.00,18,0,4,82, 5:50,
273,273,T,0.00,0.00,161.0,Middle School,273.0,06:01,2,18,0,4,82, 6:00,,KS,3.0,,11-5276,Middle School,161.00,17,0,5,79, 6:01,T
274,274,,0.00,0.00,160.0,Middle School,274.0,03:52,2,17,0,5,78, 3:41,,IL,4.0,,11-2180,Middle School,160.00,18,0,4,82, 3:52,
275,275,,0.00,0.00,160.0,Middle School,275.0,03:41,2,18,0,4,82, 1:18,,FL,10.0,,11-2733,Middle School,160.00,17,0,5,78, 3:41,
276,276,,0.00,0.00,160.0,Middle School,276.0,04:19,2,19,0,3,87, 4:18,,NJ,8.0,,11-3143,Middle School,160.00,17,1,5,73, 4:17,
277,277,,0.00,0.00,160.0,Middle School,277.0,05:42,2,18,0,4,82, 5:42,,TX,32.0,,11-5645,Middle School,160.00,17,0,5,78, 5:42,
278,278,,0.00,0.00,160.0,Middle School,278.0,05:30,2,18,0,4,84, 5:08,,CA,74.0,,11-4946,Middle School,160.00,16,0,6,76, 5:27,
279,279,,0.00,0.00,160.0,Middle School,279.0,05:47,2,18,0,4,84, 5:46,,GA,16.0,,11-1398,Middle School,160.00,16,0,6,76, 5:46,
280,280,,0.00,0.00,159.0,Middle School,280.0,02:53,2,17,0,5,79, 2:52,,IL,5.0,,11-5381,Middle School,159.00,17,0,5,80, 2:53,
281,281,,0.00,0.00,159.0,Middle School,281.0,04:19,2,18,0,4,83, 4:18,,NJ,9.0,,11-3146,Middle School,159.00,16,0,6,76, 4:19,
282,282,,0.00,0.00,159.0,Middle School,282.0,04:45,2,17,0,5,78, 4:16,,MO,9.0,,11-1179,Middle School,159.00,17,0,5,81, 4:43,
283,283,,0.00,0.00,159.0,Middle School,283.0,05:36,2,18,0,4,84, 5:35,,CA,75.0,,11-5923,Middle School,159.00,16,0,6,75, 5:34,
284,284,,0.00,0.00,159.0,Middle School,284.0,05:46,2,17,0,5,80, 5:41,,RI,5.0,,11-5651,Middle School,159.00,17,0,5,79, 5:22,
285,285,,0.00,0.00,159.0,Middle School,285.0,05:39,2,18,0,4,83, 5:32,,OH,6.0,,11-5072,Middle School,159.00,16,0,6,76, 5:39,
286,286,,0.00,0.00,159.0,Middle School,286.0,05:42,2,19,0,3,88, 5:41,,SC,5.0,,11-0757,Middle School,159.00,15,0,7,71, 5:42,
287,287,,0.00,0.00,159.0,Middle School,287.0,05:47,2,16,0,6,75, 1:27,,VA,25.0,,11-3598,Middle School,159.00,18,0,4,84, 4:44,
288,288,,0.00,0.00,159.0,Middle School,288.0,05:57,2,17,0,5,80, 5:55,,GA,17.0,,11-3006,Middle School,159.00,17,0,5,79, 5:57,
289,289,,0.00,0.00,159.0,Middle School,289.0,05:56,2,17,0,5,78, 5:55,,HI,10.0,,11-4643,Middle School,159.00,17,0,5,81, 5:52,
290,290,,0.00,0.00,158.0,Middle School,290.0,04:41,2,19,1,3,83, 4:40,,CA,76.0,,11-5076,Middle School,158.00,16,0,6,75, 4:41,
291,291,,0.00,0.00,158.0,Middle School,291.0,03:41,2,18,0,4,83, 3:40,,NM,2.0,,11-3587,Middle School,158.00,16,0,6,75, 3:03,
292,292,,0.00,0.00,158.0,Middle School,292.0,04:05,2,19,0,3,86, 4:05,,MN,2.0,,11-1567,Middle School,158.00,15,0,7,72, 4:04,
293,293,,0.00,0.00,158.0,Middle School,293.0,04:23,2,17,0,5,79, 2:02,,TX,33.0,,11-5254,Middle School,158.00,18,0,4,79, 4:23,
294,294,,0.00,0.00,158.0,Middle School,294.0,05:49,2,17,0,5,78, 5:49,,AZ,5.0,,11-0671,Middle School,158.00,17,0,5,80, 5:49,
295,295,,0.00,0.00,158.0,Middle School,295.0,05:27,2,18,0,4,83, 5:26,,CA,77.0,,11-2821,Middle School,158.00,16,0,6,75, 5:26,
296,296,,0.00,0.00,158.0,Middle School,296.0,05:55,2,17,0,5,80, 5:54,,TX,34.0,,11-5177,Middle School,158.00,17,0,5,78, 5:55,
297,297,,0.00,0.00,158.0,Middle School,297.0,05:47,2,16,0,6,74, 5:21,,CAN,5.0,,11-0687,Middle School,158.00,18,0,4,84, 5:46,
298,298,,0.00,0.00,158.0,Middle School,298.0,05:46,2,18,0,4,83, 5:46,,HI,11.0,,11-3926,Middle School,158.00,16,0,6,75, 5:45,
299,299,,0.00,0.00,158.0,Middle School,299.0,05:52,2,16,0,6,75, 5:51,,FL,11.0,,11-2079,Middle School,158.00,18,0,4,83, 5:52,
300,300,,0.00,0.00,157.0,Middle School,300.0,05:23,2,18,0,4,82, 5:23,,AL,16.0,,11-2706,Middle School,157.00,16,0,6,75, 5:22,
301,301,,0.00,0.00,157.0,Middle School,301.0,04:54,2,17,0,5,79, 4:37,,MD,5.0,,11-1291,Middle School,157.00,17,0,5,78, 4:53,
302,302,,0.00,0.00,157.0,Middle School,302.0,05:40,2,17,0,5,79, 2:41,,IL,6.0,,11-4136,Middle School,157.00,17,0,5,78, 2:56,
303,303,,0.00,0.00,157.0,Middle School,303.0,05:50,2,17,0,5,78, 5:49,,SC,6.0,,11-3166,Middle School,157.00,17,0,5,79, 5:35,
304,304,,0.00,0.00,157.0,Middle School,304.0,05:34,2,17,0,5,81, 5:30,,CA,78.0,,11-5272,Middle School,157.00,16,0,6,76, 5:34,
305,305,,0.00,0.00,157.0,Middle School,305.0,05:55,2,17,0,5,78, 5:54,,AZ,6.0,,11-2481,Middle School,157.00,17,0,5,79, 5:55,
306,306,,0.00,0.00,157.0,Middle School,306.0,05:50,2,17,0,5,79, 4:24,,CA,79.0,,11-0726,Middle School,157.00,17,0,5,78, 5:15,
307,307,T,-4.00,0.00,161.0,Middle School,307.0,06:01,2,16,0,6,74, 5:57,,KS,4.0,,11-5277,Middle School,157.00,19,0,3,87, 6:01,T
308,308,,0.00,0.00,156.0,Middle School,308.0,03:15,2,16,0,6,77, 3:14,,GA,18.0,,11-0793,Middle School,156.00,17,0,5,79, 3:15,
309,309,,0.00,0.00,156.0,Middle School,309.0,02:44,2,16,0,6,74, 2:42,,IL,7.0,,11-2842,Middle School,156.00,18,0,4,82, 2:37,
310,310,,0.00,0.00,156.0,Middle School,310.0,05:09,2,17,0,5,81, 5:02,,TN,2.0,,11-3668,Middle School,156.00,16,0,6,75, 5:09,
311,311,,0.00,0.00,156.0,Middle School,311.0,04:20,2,16,0,6,74, 4:20,,GA,19.0,,11-0605,Middle School,156.00,18,0,4,82, 4:15,
312,312,,0.00,0.00,156.0,Middle School,312.0,05:38,2,18,0,4,84, 5:37,,TN,3.0,,11-2471,Middle School,156.00,15,0,7,72, 4:15,
313,313,,0.00,0.00,156.0,Middle School,313.0,05:23,2,18,0,4,84, 5:21,,CO,19.0,,11-4574,Middle School,156.00,15,0,7,72, 5:21,
314,314,,0.00,0.00,156.0,Middle School,314.0,05:26,2,19,0,3,86, 5:26,,CA,80.0,,11-4655,Middle School,156.00,17,0,5,70, 4:36,
315,315,,0.00,0.00,156.0,Middle School,315.0,05:49,2,17,0,5,78, 5:48,,CAN,6.0,,11-4007,Middle School,156.00,17,0,5,78, 5:47,
316,316,,0.00,0.00,156.0,Middle School,316.0,05:41,2,17,0,5,78, 5:41,,FL,12.0,,11-4328,Middle School,156.00,17,0,5,78, 5:33,
317,317,,0.00,0.00,156.0,Middle School,317.0,05:47,2,18,0,4,82, 3:16,,AL,17.0,,11-3738,Middle School,156.00,16,0,6,74, 5:46,
318,318,,0.00,0.00,156.0,Middle School,318.0,05:52,2,16,0,6,76, 5:51,,CA,81.0,,11-6716,Middle School,156.00,17,0,5,80, 5:51,
319,319,,0.00,0.00,156.0,Middle School,319.0,05:56,2,17,0,5,78, 5:55,,GA,20.0,,11-3009,Middle School,156.00,17,0,5,78, 5:55,
320,320,,0.00,0.00,156.0,Middle School,320.0,05:55,2,17,0,5,77, 5:54,,CA,82.0,,11-2099,Middle School,156.00,19,0,3,79, 5:52,
321,321,,0.00,0.00,155.0,Middle School,321.0,05:54,2,17,0,5,80, 5:53,,AZ,7.0,,11-3894,Middle School,155.00,16,0,6,75, 5:54,
322,322,,0.00,0.00,155.0,Middle School,322.0,04:38,2,17,0,5,80, 4:38,,CA,83.0,,11-5113,Middle School,155.00,17,1,5,75, 4:33,
323,323,,0.00,0.00,155.0,Middle School,323.0,05:49,2,15,0,7,68, 3:47,,CA,84.0,,11-5060,Middle School,155.00,19,0,3,87, 5:27,
324,324,,0.00,0.00,155.0,Middle School,324.0,05:34,2,16,0,6,73, 2:32,,MI,4.0,,11-5563,Middle School,155.00,18,0,4,82, 5:11,
325,325,,0.00,0.00,155.0,Middle School,325.0,05:35,2,17,2,5,68, 5:34,,CA,85.0,,11-0588,Middle School,155.00,19,0,3,87, 5:35,
326,326,M,0.00,0.00,155.0,Middle School,326.0,05:55,2,16,0,6,76, 5:46,M,CA,86.0,,11-3348,Middle School,155.00,17,0,5,79, 5:55,
327,327,,0.00,0.00,155.0,Middle School,327.0,05:43,2,17,0,5,77, 5:06,,FL,13.0,,11-2900,Middle School,155.00,17,0,5,78, 5:39,
328,328,,0.00,0.00,154.0,Middle School,328.0,04:33,2,17,0,5,79, 4:25,,CA,87.0,,11-0731,Middle School,154.00,16,0,6,75, 4:33,
329,329,T,0.00,0.00,154.0,Middle School,329.0,06:27,2,17,0,5,80, 5:08,,FL,14.0,,11-0386,Middle School,154.00,16,0,6,74, 6:27,T
330,330,,0.00,0.00,154.0,Middle School,330.0,05:55,2,16,0,6,74, 5:53,,TX,35.0,,11-4163,Middle School,154.00,17,0,5,80, 5:55,
331,331,T,0.00,0.00,154.0,Middle School,331.0,06:12,2,16,0,6,75, 6:12,T,CO,20.0,,11-4938,Middle School,154.00,17,0,5,79, 5:12,
332,332,,0.00,0.00,154.0,Middle School,332.0,05:33,2,17,0,5,79, 5:32,,VA,26.0,,11-4872,Middle School,154.00,17,1,5,75, 5:05,
333,333,,0.00,0.00,154.0,Middle School,333.0,05:45,2,17,0,5,75, 5:43,,GA,21.0,,11-2392,Middle School,154.00,17,0,5,79, 5:44,
334,334,,0.00,0.00,154.0,Middle School,334.0,05:30,2,16,0,6,76, 5:30,,RI,6.0,,11-5380,Middle School,154.00,18,1,4,78, 5:29,
335,335,,0.00,0.00,154.0,Middle School,335.0,05:49,2,17,0,5,80, 5:42,,SC,7.0,,11-0758,Middle School,154.00,16,0,6,74, 5:49,
336,336,,0.00,0.00,153.0,Middle School,336.0,05:33,2,17,0,5,79, 5:29,,CA,88.0,,11-6134,Middle School,153.00,16,0,6,74, 5:32,
337,337,,0.00,0.00,153.0,Middle School,337.0,05:54,2,16,0,6,75, 5:48,,MN,3.0,,11-1856,Middle School,153.00,17,0,5,78, 5:41,
338,338,,0.00,0.00,153.0,Middle School,338.0,05:11,2,18,0,4,82, 5:07,,CAN,7.0,,11-6731,Middle School,153.00,15,0,7,71, 4:46,
339,339,T,0.00,0.00,153.0,Middle School,339.0,06:02,2,18,0,4,84, 3:36,,WI,1.0,,11-5569,Middle School,153.00,15,1,7,69, 4:55,
340,340,,0.00,0.00,153.0,Middle School,340.0,05:49,2,17,0,5,75, 5:49,,LA,4.0,,11-2741,Middle School,153.00,17,0,5,78, 5:37,
341,341,,0.00,0.00,153.0,Middle School,341.0,05:57,2,17,0,5,78, 5:56,,AZ,8.0,,11-2622,Middle School,153.00,16,0,6,75, 5:57,
342,342,T,0.00,0.00,153.0,Middle School,342.0,06:01,2,16,0,6,76, 6:00,,OK,4.0,,11-0026,Middle School,153.00,16,0,6,77, 6:01,T
343,343,,0.00,0.00,152.0,Middle School,343.0,03:57,2,17,1,5,74, 3:57,,PA,1.0,,11-2398,Middle School,152.00,17,0,5,78, 3:56,
344,344,T,0.00,0.00,152.0,Middle School,344.0,06:01,2,17,0,5,80, 5:56,,VA,27.0,,11-3120,Middle School,152.00,15,0,7,72, 6:01,T
345,345,,0.00,0.00,152.0,Middle School,345.0,05:43,2,17,0,5,79, 5:42,,FL,15.0,,11-0304,Middle School,152.00,16,0,6,73, 5:42,
346,346,,0.00,0.00,152.0,Middle School,346.0,05:54,2,18,0,4,82, 5:54,,TX,36.0,,11-6910,Middle School,152.00,15,0,7,70, 5:10,
347,347,,0.00,0.00,152.0,Middle School,347.0,05:52,2,16,0,6,74, 5:52,,WV,1.0,,11-2477,Middle School,152.00,17,0,5,78, 5:47,
348,348,,0.00,0.00,152.0,Middle School,348.0,05:36,2,16,0,6,73, 5:34,,SC,8.0,,11-0511,Middle School,152.00,17,0,5,79, 5:35,
349,349,,0.00,0.00,152.0,Middle School,349.0,05:49,2,15,0,7,70, 5:48,,AZ,9.0,,11-4768,Middle School,152.00,18,0,4,82, 5:48,
350,350,,0.00,0.00,151.0,Middle School,350.0,05:37,2,16,0,6,71, 4:36,,CA,89.0,,11-4626,Middle School,151.00,18,0,4,80, 5:00,
351,351,,0.00,0.00,151.0,Middle School,351.0,05:48,2,17,0,5,77, 5:15,,CAN,8.0,,11-1507,Middle School,151.00,16,0,6,74, 5:48,
352,352,,0.00,0.00,151.0,Middle School,352.0,05:39,2,15,0,7,71, 5:38,,CA,90.0,,11-4604,Middle School,151.00,17,0,5,80, 5:38,
353,353,MT,0.00,0.00,151.0,Middle School,353.0,24:03,2,15,0,7,71, 6:00,M,CA,91.0,,11-2238,Middle School,151.00,17,0,5,80,20:24,T
354,354,,0.00,0.00,151.0,Middle School,354.0,05:56,2,16,0,6,73, 5:55,,GA,22.0,,11-3007,Middle School,151.00,17,0,5,78, 5:56,
355,355,T,-3.00,0.00,154.0,Middle School,355.0,06:24,2,16,0,6,75, 6:21,T,AL,18.0,,11-0627,Middle School,151.00,17,0,5,79, 5:40,
356,356,,0.00,0.00,150.0,Middle School,356.0,03:29,2,17,0,5,79, 3:28,,CA,92.0,,11-0733,Middle School,150.00,15,0,7,71, 3:14,
357,357,,0.00,0.00,150.0,Middle School,357.0,05:32,2,16,0,6,75, 5:30,,TX,37.0,,11-3358,Middle School,150.00,16,0,6,75, 5:32,
358,358,,0.00,0.00,150.0,Middle School,358.0,05:29,2,16,0,6,75, 5:28,,TX,38.0,,11-0866,Middle School,150.00,16,0,6,75, 5:29,
359,359,,0.00,0.00,150.0,Middle School,359.0,05:56,2,15,1,7,66, 1:25,,NE,1.0,,11-6612,Middle School,150.00,18,0,4,84, 4:15,
360,360,T,0.00,0.00,150.0,Middle School,360.0,06:39,2,15,0,7,72, 4:05,,CA,93.0,,11-0727,Middle School,150.00,17,0,5,78, 6:39,T
361,361,,0.00,0.00,150.0,Middle School,361.0,05:59,2,18,0,4,84, 4:15,,WA,2.0,,11-2696,Middle School,150.00,14,0,8,66, 5:59,
362,362,M,-5.00,0.00,154.0,Middle School,362.0,03:01,2,18,0,4,84, 3:01,M,IL,8.0,,11-2183,Middle School,149.00,15,0,7,70, 2:29,
363,363,,0.00,0.00,149.0,Middle School,363.0,04:12,2,16,0,6,74, 4:11,,TX,39.0,,11-0133,Middle School,149.00,16,0,6,75, 4:10,
364,364,,0.00,0.00,149.0,Middle School,364.0,04:14,2,18,1,4,74, 4:13,,NJ,10.0,,11-6195,Middle School,149.00,16,0,6,75, 4:12,
365,365,,0.00,0.00,149.0,Middle School,365.0,05:14,2,17,0,5,79, 5:13,,CO,21.0,,11-6114,Middle School,149.00,15,0,7,70, 5:14,
366,366,,0.00,0.00,149.0,Middle School,366.0,05:10,2,16,0,6,75, 5:10,,LA,5.0,,11-2743,Middle School,149.00,17,1,5,74, 5:05,
367,367,,0.00,0.00,149.0,Middle School,367.0,05:42,2,17,0,5,79, 3:04,,AL,19.0,,11-3737,Middle School,149.00,15,0,7,70, 5:40,
368,368,,0.00,0.00,149.0,Middle School,368.0,05:33,2,17,0,5,79, 5:22,,CO,22.0,,11-1257,Middle School,149.00,15,0,7,70, 5:33,
369,369,,0.00,0.00,149.0,Middle School,369.0,05:41,2,18,0,4,83, 5:40,,TX,40.0,,11-3361,Middle School,149.00,14,0,8,66, 5:40,
370,370,,0.00,0.00,149.0,Middle School,370.0,05:39,2,16,0,6,75, 5:39,,ID,2.0,,11-3807,Middle School,149.00,16,0,6,74, 5:36,
371,371,,0.00,0.00,148.0,Middle School,371.0,05:19,2,16,0,6,74, 5:17,,IA,1.0,,11-6127,Middle School,148.00,16,0,6,74, 5:18,
372,372,,0.00,0.00,148.0,Middle School,372.0,04:33,2,16,0,6,73, 4:30,,SC,9.0,,11-4882,Middle School,148.00,16,0,6,75, 4:23,
373,373,,0.00,0.00,148.0,Middle School,373.0,04:14,2,15,0,7,70, 4:14,,CA,94.0,,11-5536,Middle School,148.00,17,0,5,78, 3:56,
374,374,,0.00,0.00,148.0,Middle School,374.0,04:43,2,16,0,6,76, 4:38,,OH,7.0,,11-1009,Middle School,148.00,15,0,7,72, 4:43,
375,375,,0.00,0.00,148.0,Middle School,375.0,04:43,2,14,0,8,61, 4:34,,NV,6.0,,11-2229,Middle School,148.00,19,0,3,87, 4:43,
376,376,,0.00,0.00,148.0,Middle School,376.0,05:12,2,17,0,5,74, 3:03,,AR,1.0,,11-7074,Middle School,148.00,16,0,6,74, 5:12,
377,377,,0.00,0.00,148.0,Middle School,377.0,05:08,2,12,0,10,56, 1:27,,CA,95.0,,11-4392,Middle School,148.00,20,0,2,92, 5:08,
378,378,,0.00,0.00,148.0,Middle School,378.0,05:55,2,17,0,5,76, 5:51,,GA,23.0,,11-3309,Middle School,148.00,16,0,6,72, 5:55,
379,379,,0.00,0.00,148.0,Middle School,379.0,05:21,2,16,1,6,69, 5:08,,PA,2.0,,11-1360,Middle School,148.00,17,0,5,79, 5:21,
380,380,,0.00,0.00,147.0,Middle School,380.0,02:31,2,16,0,6,76, 2:31,,VA,28.0,,11-3501,Middle School,147.00,15,0,7,71, 2:21,
381,381,,0.00,0.00,147.0,Middle School,381.0,05:26,2,14,0,8,68, 5:26,,CA,96.0,,11-0956,Middle School,147.00,17,0,5,79, 5:16,
382,382,T,0.00,0.00,147.0,Middle School,382.0,15:37,2,16,0,6,76, 5:04,,CA,97.0,,11-0341,Middle School,147.00,15,0,7,71,15:36,T
383,383,,0.00,0.00,147.0,Middle School,383.0,05:53,2,15,0,7,72, 5:52,,UT,2.0,,11-5749,Middle School,147.00,16,0,6,75, 5:50,
384,384,,0.00,0.00,147.0,Middle School,384.0,05:30,2,17,0,5,78, 5:30,,CA,98.0,,11-0213,Middle School,147.00,16,1,6,69, 5:25,
385,385,,0.00,0.00,147.0,Middle School,385.0,05:54,2,16,0,6,74, 4:04,,AL,20.0,,11-2573,Middle School,147.00,16,0,6,73, 5:53,
386,386,,0.00,0.00,146.0,Middle School,386.0,02:57,2,15,0,7,67, 1:44,,CA,99.0,,11-0714,Middle School,146.00,17,0,5,79, 2:57,
387,387,,0.00,0.00,146.0,Middle School,387.0,04:36,2,16,0,6,74, 4:34,,CAN,9.0,,11-4008,Middle School,146.00,15,0,7,72, 4:36,
388,388,,0.00,0.00,146.0,Middle School,388.0,04:43,2,15,0,7,68, 4:40,,KS,5.0,,11-5667,Middle School,146.00,17,0,5,78, 4:43,
389,389,,0.00,0.00,146.0,Middle School,389.0,05:47,2,16,0,6,73, 5:46,,NJ,11.0,,11-3704,Middle School,146.00,16,0,6,73, 4:57,
390,390,,0.00,0.00,146.0,Middle School,390.0,04:44,2,16,0,6,75, 2:59,,CT,1.0,,11-4097,Middle School,146.00,15,0,7,71, 1:30,
391,391,,0.00,0.00,146.0,Middle School,391.0,05:34,2,16,0,6,75, 5:27,,CO,23.0,,11-3457,Middle School,146.00,15,0,7,71, 5:34,
392,392,,0.00,0.00,146.0,Middle School,392.0,05:04,2,17,0,5,79, 4:47,,IL,9.0,,11-6587,Middle School,146.00,14,0,8,67, 5:01,
393,393,,0.00,0.00,146.0,Middle School,393.0,04:53,2,15,0,7,71, 4:51,,MO,10.0,,11-4127,Middle School,146.00,16,0,6,75, 4:46,
394,394,,0.00,0.00,146.0,Middle School,394.0,05:46,2,17,0,5,75, 5:46,,RI,7.0,,11-5652,Middle School,146.00,15,0,7,71, 5:22,
395,395,,0.00,0.00,145.0,Middle School,395.0,05:45,2,16,0,6,77, 5:44,,VA,29.0,,11-0074,Middle School,145.00,14,0,8,68, 5:36,
396,396,,0.00,0.00,145.0,Middle School,396.0,05:45,2,16,0,6,74, 5:42,,CA,100.0,,11-4373,Middle School,145.00,15,0,7,71, 5:45,
397,397,,0.00,0.00,145.0,Middle School,397.0,04:48,2,15,0,7,71, 2:01,,RI,8.0,,11-6004,Middle School,145.00,16,0,6,74, 4:48,
398,398,,0.00,0.00,145.0,Middle School,398.0,05:46,2,16,1,6,70, 5:44,,CA,101.0,,11-6162,Middle School,145.00,16,0,6,75, 5:46,
399,399,,0.00,0.00,144.0,Middle School,399.0,04:59,2,16,0,6,74, 2:18,,NC,4.0,,11-3296,Middle School,144.00,15,0,7,70, 4:59,
400,400,,0.00,0.00,144.0,Middle School,400.0,04:21,2,16,0,6,74, 4:01,,TX,41.0,,11-5235,Middle School,144.00,15,0,7,70, 2:23,
401,401,,0.00,0.00,144.0,Middle School,401.0,05:03,2,17,0,5,73, 4:57,,CAN,10.0,,11-1094,Middle School,144.00,15,0,7,71, 5:03,
402,402,,0.00,0.00,144.0,Middle School,402.0,05:23,2,15,1,7,65, 4:44,,GA,24.0,,11-1399,Middle School,144.00,17,0,5,79, 5:23,
403,403,,0.00,0.00,144.0,Middle School,403.0,05:12,2,16,0,6,74, 4:47,,TN,4.0,,11-3665,Middle School,144.00,15,0,7,70, 5:12,
404,404,,0.00,0.00,144.0,Middle School,404.0,05:00,2,16,0,6,70, 3:52,,AL,21.0,,11-2705,Middle School,144.00,17,0,5,74, 5:00,
405,405,,0.00,0.00,144.0,Middle School,405.0,05:32,2,15,0,7,70, 5:31,,HI,12.0,,11-0803,Middle School,144.00,16,0,6,74, 5:31,
406,406,,0.00,0.00,144.0,Middle School,406.0,05:41,2,14,0,8,68, 3:01,,TN,5.0,,11-1223,Middle School,144.00,16,0,6,76, 5:34,
407,407,,0.00,0.00,144.0,Middle School,407.0,05:32,2,17,0,5,78, 5:20,,AL,22.0,,11-0626,Middle School,144.00,14,0,8,66, 5:32,
408,408,,0.00,0.00,144.0,Middle School,408.0,05:55,2,17,0,5,78, 5:43,,FL,16.0,,11-0601,Middle School,144.00,15,0,7,66, 5:55,
409,409,,0.00,0.00,144.0,Middle School,409.0,05:33,2,14,0,8,68, 4:36,,CA,102.0,,11-4625,Middle School,144.00,16,0,6,76, 5:33,
410,410,T,0.00,0.00,144.0,Middle School,410.0,06:01,2,16,1,6,70, 5:59,,GA,25.0,,11-2907,Middle School,144.00,16,0,6,74, 5:46,
411,411,,0.00,0.00,143.0,Middle School,411.0,05:36,2,16,0,6,76, 5:35,,CA,103.0,,11-0220,Middle School,143.00,14,0,8,67, 5:31,
412,412,,0.00,0.00,143.0,Middle School,412.0,03:57,2,16,0,6,75, 3:19,,VA,30.0,,11-1731,Middle School,143.00,15,0,7,68, 3:48,
413,413,,0.00,0.00,143.0,Middle School,413.0,04:22,2,17,0,5,76, 4:22,,LA,6.0,,11-1865,Middle School,143.00,15,0,7,67, 4:15,
414,414,,0.00,0.00,143.0,Middle School,414.0,04:32,2,15,0,7,71, 4:31,,MI,5.0,,11-6890,Middle School,143.00,15,0,7,72, 3:33,
415,415,,0.00,0.00,143.0,Middle School,415.0,05:15,2,16,0,6,73, 5:12,,AR,2.0,,11-6993,Middle School,143.00,15,0,7,70, 4:39,
416,416,,0.00,0.00,143.0,Middle School,416.0,05:34,2,16,0,6,73, 5:34,,CO,24.0,,11-3188,Middle School,143.00,15,0,7,70, 5:33,
417,417,,0.00,0.00,143.0,Middle School,417.0,05:33,2,15,0,7,70, 5:32,,TX,42.0,,11-1620,Middle School,143.00,16,0,6,73, 5:28,
418,418,,0.00,0.00,142.0,Middle School,418.0,05:18,2,16,0,6,76, 5:06,,CA,104.0,,11-6121,Middle School,142.00,14,0,8,66, 5:17,
419,419,,0.00,0.00,142.0,Middle School,419.0,04:44,2,16,0,6,76, 4:43,,CA,105.0,,11-1803,Middle School,142.00,14,0,8,66, 3:38,
420,420,,0.00,0.00,142.0,Middle School,420.0,05:47,2,16,0,6,72, 4:59,,CA,106.0,,11-2244,Middle School,142.00,15,0,7,70, 5:46,
421,421,,0.00,0.00,142.0,Middle School,421.0,05:24,2,15,0,7,67, 5:24,,TX,43.0,,11-5208,Middle School,142.00,16,0,6,75, 5:23,
422,422,,0.00,0.00,142.0,Middle School,422.0,05:41,2,14,0,8,67, 5:27,,CA,107.0,,11-0215,Middle School,142.00,16,0,6,75, 5:41,
423,423,T,0.00,0.00,142.0,Middle School,423.0,06:16,2,15,0,7,71, 5:46,,CA,108.0,,11-1769,Middle School,142.00,15,0,7,71, 6:16,T
424,424,,0.00,0.00,142.0,Middle School,424.0,05:59,2,15,0,7,69, 5:59,,AZ,10.0,,11-4769,Middle School,142.00,16,0,6,73, 5:45,
425,425,,0.00,0.00,142.0,Middle School,425.0,05:46,2,16,0,6,71, 5:42,,HI,13.0,,11-2250,Middle School,142.00,16,0,6,71, 5:46,
426,426,,0.00,0.00,142.0,Middle School,426.0,05:59,2,15,1,7,66, 5:46,,MD,6.0,,11-5783,Middle School,142.00,16,0,6,76, 5:59,
427,427,,0.00,0.00,141.0,Middle School,427.0,02:55,2,15,0,7,69, 2:55,,TX,44.0,,11-3074,Middle School,141.00,15,0,7,72, 2:53,
428,428,,0.00,0.00,141.0,Middle School,428.0,03:04,2,15,0,7,70, 2:48,,CT,2.0,,11-4685,Middle School,141.00,15,0,7,71, 3:04,
429,429,,0.00,0.00,141.0,Middle School,429.0,03:58,2,15,0,7,71, 1:21,,OH,8.0,,11-5294,Middle School,141.00,15,0,7,70, 3:58,
430,430,,0.00,0.00,141.0,Middle School,430.0,04:41,2,16,0,6,75, 4:25,,LA,7.0,,11-1862,Middle School,141.00,14,0,8,66, 4:38,
431,431,,0.00,0.00,141.0,Middle School,431.0,05:43,2,17,0,5,78, 5:40,,OH,9.0,,11-0468,Middle School,141.00,13,0,9,63, 5:43,
432,432,,0.00,0.00,141.0,Middle School,432.0,06:00,2,15,0,7,68, 5:56,,TX,45.0,,11-1030,Middle School,141.00,16,0,6,73, 5:46,
433,433,,0.00,0.00,141.0,Middle School,433.0,05:33,2,17,0,5,76, 5:33,,CO,25.0,,11-1256,Middle School,141.00,14,0,8,65, 5:31,
434,434,,0.00,0.00,141.0,Middle School,434.0,05:45,2,12,0,10,58, 5:43,,CA,109.0,,11-3766,Middle School,141.00,18,0,4,83, 5:31,
435,435,,0.00,0.00,141.0,Middle School,435.0,05:41,2,14,0,8,66, 5:30,,CA,110.0,,11-4377,Middle School,141.00,16,0,6,75, 5:40,
436,436,,0.00,0.00,141.0,Middle School,436.0,05:51,2,16,0,6,72, 5:47,,TX,46.0,,11-0492,Middle School,141.00,15,0,7,69, 5:51,
437,437,,0.00,0.00,140.0,Middle School,437.0,04:16,2,15,0,7,70, 2:47,,MD,7.0,,11-4857,Middle School,140.00,15,0,7,70, 4:16,
438,438,,0.00,0.00,140.0,Middle School,438.0,04:17,2,17,0,5,80, 4:17,,RI,9.0,,11-2031,Middle School,140.00,13,0,9,60, 3:58,
439,439,,0.00,0.00,140.0,Middle School,439.0,05:55,2,17,0,5,80, 5:48,,AL,23.0,,11-1420,Middle School,140.00,12,0,10,60, 5:55,
440,440,,0.00,0.00,139.0,Middle School,440.0,05:04,2,16,0,6,76, 3:29,,MN,4.0,,11-1145,Middle School,139.00,14,0,8,63, 4:52,
441,441,,0.00,0.00,139.0,Middle School,441.0,05:32,2,13,0,9,64, 5:31,,GA,26.0,,11-1592,Middle School,139.00,16,0,6,75, 5:32,
442,442,,0.00,0.00,138.0,Middle School,442.0,04:02,2,15,0,7,71, 1:35,,AR,3.0,,11-1805,Middle School,138.00,14,0,8,67, 1:35,
443,443,,0.00,0.00,138.0,Middle School,443.0,05:17,2,15,0,7,71, 5:14,,IA,2.0,,11-0868,Middle School,138.00,14,0,8,67, 4:31,
444,444,,0.00,0.00,138.0,Middle School,444.0,05:03,2,15,0,7,68, 4:25,,CA,111.0,,11-4388,Middle School,138.00,15,0,7,70, 5:03,
445,445,,0.00,0.00,138.0,Middle School,445.0,05:38,2,16,0,6,75, 5:35,,TX,47.0,,11-3367,Middle School,138.00,13,0,9,63, 5:38,
446,446,,0.00,0.00,137.0,Middle School,446.0,03:04,2,16,1,6,67, 3:04,,NY,2.0,,11-3426,Middle School,137.00,15,0,7,70, 2:19,
447,447,,0.00,0.00,137.0,Middle School,447.0,05:46,2,15,0,7,68, 5:11,,FL,17.0,,11-4553,Middle School,137.00,15,0,7,69, 5:45,
448,448,,0.00,0.00,137.0,Middle School,448.0,05:43,2,16,0,6,74, 5:33,,OH,10.0,,11-4284,Middle School,137.00,13,0,9,63, 5:42,
449,449,,0.00,0.00,137.0,Middle School,449.0,05:38,2,15,1,7,68, 5:27,,AL,24.0,,11-6860,Middle School,137.00,16,1,6,69, 5:36,
450,450,T,0.00,0.00,137.0,Middle School,450.0,10:54,2,15,0,7,70,10:54,T,VA,31.0,,11-5564,Middle School,137.00,14,0,8,67, 3:54,
451,451,,0.00,0.00,137.0,Middle School,451.0,05:33,2,19,0,3,87, 5:33,,CA,112.0,,11-4601,Middle School,137.00,12,0,10,50, 5:24,
452,452,,0.00,0.00,137.0,Middle School,452.0,05:26,2,14,0,8,67, 5:25,,CO,26.0,,11-0179,Middle School,137.00,15,0,7,70, 5:26,
453,453,,0.00,0.00,137.0,Middle School,453.0,05:44,2,15,1,7,62, 5:41,,CA,113.0,,11-4370,Middle School,137.00,16,0,6,75, 5:44,
454,454,,0.00,0.00,136.0,Middle School,454.0,02:34,2,15,0,7,70, 2:29,,KS,6.0,,11-3881,Middle School,136.00,14,0,8,66, 2:33,
455,455,,0.00,0.00,136.0,Middle School,455.0,05:41,2,13,0,9,63, 5:36,,KS,7.0,,11-2101,Middle School,136.00,16,0,6,73, 5:41,
456,456,,0.00,0.00,136.0,Middle School,456.0,05:50,2,14,0,8,66, 2:46,,CT,3.0,,11-4098,Middle School,136.00,15,0,7,70, 3:02,
457,457,,0.00,0.00,136.0,Middle School,457.0,05:55,2,15,0,7,69, 5:54,,MI,6.0,,11-5253,Middle School,136.00,14,0,8,67, 5:54,
458,458,,0.00,0.00,136.0,Middle School,458.0,05:57,2,14,0,8,68, 5:54,,VA,32.0,,11-5833,Middle School,136.00,14,0,8,68, 5:34,
459,459,,0.00,0.00,136.0,Middle School,459.0,05:59,2,14,0,8,66, 5:59,,CA,114.0,,11-2970,Middle School,136.00,15,0,7,70, 5:43,
460,460,,0.00,0.00,135.0,Middle School,460.0,05:52,2,16,1,6,71, 5:51,,HI,14.0,,11-1219,Middle School,135.00,13,0,9,64, 4:22,
461,461,,0.00,0.00,134.0,Middle School,461.0,05:40,2,13,0,9,60, 5:34,,CA,115.0,,11-4243,Middle School,134.00,16,0,6,74, 5:38,
462,462,,0.00,0.00,134.0,Middle School,462.0,05:59,2,14,0,8,67, 5:58,,AL,25.0,,11-2272,Middle School,134.00,14,0,8,67, 5:59,
463,463,,0.00,0.00,134.0,Middle School,463.0,05:59,2,14,0,8,66, 5:53,,CA,116.0,,11-0438,Middle School,134.00,14,0,8,68, 5:59,
464,464,,0.00,0.00,133.0,Middle School,464.0,03:28,2,14,0,8,67, 0:45,,MA,1.0,,11-6693,Middle School,133.00,14,0,8,66, 1:11,
465,465,,0.00,0.00,133.0,Middle School,465.0,04:57,2,15,0,7,71, 3:20,,FL,18.0,,11-2404,Middle School,133.00,13,0,9,62, 4:56,
466,466,,0.00,0.00,133.0,Middle School,466.0,03:56,2,14,0,8,66, 3:56,,GA,27.0,,11-0609,Middle School,133.00,14,0,8,67, 3:40,
467,467,,0.00,0.00,133.0,Middle School,467.0,04:53,2,13,0,9,62, 4:53,,CA,117.0,,11-3952,Middle School,133.00,15,0,7,71, 4:52,
468,468,,0.00,0.00,133.0,Middle School,468.0,05:21,2,16,0,6,67, 5:21,,CA,118.0,,11-6126,Middle School,133.00,16,0,6,66, 5:18,
469,469,,0.00,0.00,133.0,Middle School,469.0,05:40,2,14,0,8,64, 5:39,,TX,48.0,,11-5644,Middle School,133.00,15,0,7,69, 5:40,
470,470,,0.00,0.00,132.0,Middle School,470.0,03:38,2,13,0,9,61, 3:36,,HI,15.0,,11-0811,Middle School,132.00,15,0,7,71, 3:36,
471,471,,0.00,0.00,132.0,Middle School,471.0,05:32,2,14,0,8,62, 2:11,,AR,4.0,,11-4651,Middle School,132.00,15,0,7,70, 5:32,
472,472,T,0.00,0.00,132.0,Middle School,472.0,06:10,2,15,0,7,68, 3:54,,CA,119.0,,11-1367,Middle School,132.00,14,0,8,64, 6:02,T
473,473,,0.00,0.00,131.0,Middle School,473.0,05:45,2,15,0,7,72, 5:45,,VA,33.0,,11-4933,Middle School,131.00,12,0,10,59, 5:06,
474,474,,0.00,0.00,131.0,Middle School,474.0,05:44,2,15,0,7,71, 5:16,,TX,49.0,,11-5053,Middle School,131.00,14,1,8,60, 5:43,
475,475,T,0.00,0.00,131.0,Middle School,475.0,06:04,2,14,0,8,64, 6:04,T,CA,120.0,,11-1141,Middle School,131.00,14,0,8,67, 5:44,
476,476,,0.00,0.00,130.0,Middle School,476.0,02:06,2,14,0,8,67, 2:03,,TX,50.0,,11-2812,Middle School,130.00,13,0,9,63, 2:06,
477,477,,0.00,0.00,130.0,Middle School,477.0,05:21,2,14,0,8,68, 5:04,,AL,26.0,,11-2707,Middle School,130.00,13,0,9,62, 5:20,
478,478,T,0.00,0.00,130.0,Middle School,478.0,06:11,2,14,0,8,67, 6:10,T,NJ,12.0,,11-5128,Middle School,130.00,13,0,9,63, 6:11,T
479,479,,0.00,0.00,130.0,Middle School,479.0,05:41,2,15,2,7,60, 5:39,,CAN,11.0,,11-3835,Middle School,130.00,15,0,7,70, 5:40,
480,480,,0.00,0.00,129.0,Middle School,480.0,04:24,2,14,0,8,63, 1:51,,FL,19.0,,11-3636,Middle School,129.00,14,0,8,66, 4:24,
481,481,,0.00,0.00,129.0,Middle School,481.0,04:15,2,16,0,6,75, 4:15,,NJ,13.0,,11-3138,Middle School,129.00,11,0,11,54, 4:14,
482,482,,0.00,0.00,129.0,Middle School,482.0,04:36,2,14,0,8,67, 4:36,,CO,27.0,,11-3189,Middle School,129.00,13,0,9,62, 4:33,
483,483,,0.00,0.00,129.0,Middle School,483.0,05:55,2,14,0,8,64, 5:55,,SC,10.0,,11-2199,Middle School,129.00,14,0,8,65, 5:54,
484,484,,0.00,0.00,129.0,Middle School,484.0,05:45,2,13,0,9,62, 5:32,,MD,8.0,,11-5281,Middle School,129.00,14,0,8,67, 5:45,
485,485,,0.00,0.00,129.0,Middle School,485.0,05:53,2,14,1,8,62, 5:53,,TX,51.0,,11-4986,Middle School,129.00,14,0,8,67, 5:35,
486,486,,0.00,0.00,128.0,Middle School,486.0,04:05,2,14,0,8,66, 4:05,,GA,28.0,,11-3571,Middle School,128.00,13,0,9,62, 4:00,
487,487,,0.00,0.00,128.0,Middle School,487.0,05:54,2,15,0,7,68, 5:29,,TX,52.0,,11-1032,Middle School,128.00,13,0,9,60, 5:53,
488,488,,0.00,0.00,128.0,Middle School,488.0,05:58,2,13,0,9,58, 4:53,,CA,121.0,,11-1679,Middle School,128.00,15,0,7,70, 5:58,
489,489,,0.00,0.00,128.0,Middle School,489.0,05:53,2,14,0,8,66, 5:53,,MI,7.0,,11-1893,Middle School,128.00,13,0,9,62, 5:48,
490,490,,0.00,0.00,127.0,Middle School,490.0,04:57,2,16,1,6,65, 4:57,,CA,122.0,,11-5237,Middle School,127.00,13,0,9,62, 4:55,
491,491,,0.00,0.00,127.0,Middle School,491.0,05:32,2,13,0,9,63, 5:31,,FL,20.0,,11-3168,Middle School,127.00,13,0,9,64, 5:32,
492,492,,0.00,0.00,127.0,Middle School,492.0,05:02,2,14,0,8,66, 5:02,,CA,123.0,,11-5241,Middle School,127.00,13,0,9,61, 5:02,
493,493,,0.00,0.00,126.0,Middle School,493.0,03:55,2,15,0,7,63, 3:38,,LA,8.0,,11-1863,Middle School,126.00,13,0,9,63, 3:55,
494,494,,0.00,0.00,126.0,Middle School,494.0,03:19,2,13,0,9,63, 1:01,,TX,53.0,,11-5252,Middle School,126.00,13,0,9,63, 3:19,
495,495,,0.00,0.00,126.0,Middle School,495.0,03:30,2,15,0,7,68, 3:26,,TX,54.0,,11-0253,Middle School,126.00,12,0,10,58, 3:29,
496,496,,0.00,0.00,126.0,Middle School,496.0,05:37,2,17,0,5,80, 5:37,,TX,55.0,,11-6361,Middle School,126.00,11,0,11,46, 3:20,
497,497,,0.00,0.00,126.0,Middle School,497.0,05:42,2,13,0,9,60, 5:42,,NJ,14.0,,11-3400,Middle School,126.00,14,0,8,66, 5:36,
498,498,,0.00,0.00,126.0,Middle School,498.0,05:25,2,13,0,9,63, 2:26,,NV,7.0,,11-2424,Middle School,126.00,13,0,9,63, 5:25,
499,499,,0.00,0.00,125.0,Middle School,499.0,04:36,2,16,0,6,75, 4:35,,LA,9.0,,11-1861,Middle School,125.00,11,0,11,50, 4:36,
500,500,,0.00,0.00,125.0,Middle School,500.0,05:17,2,14,0,8,64, 5:17,,CA,124.0,,11-5957,Middle School,125.00,13,0,9,61, 1:37,
501,501,,0.00,0.00,125.0,Middle School,501.0,05:51,2,16,0,6,76, 5:47,,CA,125.0,,11-2364,Middle School,125.00,10,0,12,49, 5:51,
502,502,,0.00,0.00,125.0,Middle School,502.0,05:34,2,14,0,8,66, 5:34,,CA,126.0,,11-2363,Middle School,125.00,12,0,10,59, 5:22,
503,503,MT,0.00,0.00,125.0,Middle School,503.0,06:22,2,13,0,9,60, 6:21,MT,GA,29.0,,11-3008,Middle School,125.00,14,0,8,65, 5:58,M
504,504,,0.00,0.00,124.0,Middle School,504.0,03:26,2,16,0,6,75, 3:17,,TX,56.0,,11-0251,Middle School,124.00,10,0,12,49, 3:21,
505,505,,0.00,0.00,124.0,Middle School,505.0,05:42,2,14,1,8,62, 5:18,,TX,57.0,,11-5046,Middle School,124.00,13,0,9,62, 5:42,
506,506,,0.00,0.00,124.0,Middle School,506.0,05:33,2,11,0,11,52, 3:29,,TN,6.0,,11-3651,Middle School,124.00,15,0,7,72, 5:32,
507,507,,0.00,0.00,123.0,Middle School,507.0,04:57,2,12,0,10,60, 4:55,,CAN,12.0,,11-6742,Middle School,123.00,13,0,9,63, 4:56,
508,508,,0.00,0.00,123.0,Middle School,508.0,05:54,2,12,0,10,60, 5:54,,CA,127.0,,11-3265,Middle School,123.00,13,0,9,63, 5:19,
509,509,,0.00,0.00,123.0,Middle School,509.0,04:41,2,13,0,9,56, 4:38,,TX,58.0,,11-3549,Middle School,123.00,14,0,8,67, 4:19,
510,510,,0.00,0.00,123.0,Middle School,510.0,05:06,2,12,0,10,57, 5:05,,VA,34.0,,11-3256,Middle School,123.00,14,0,8,66, 5:06,
511,511,,0.00,0.00,123.0,Middle School,511.0,05:40,2,13,0,9,61, 5:39,,TX,59.0,,11-3366,Middle School,123.00,13,0,9,62, 5:40,
512,512,,0.00,0.00,122.0,Middle School,512.0,05:13,2,13,0,9,63, 3:27,,CA,128.0,,11-0938,Middle School,122.00,12,0,10,59, 5:13,
513,513,,0.00,0.00,122.0,Middle School,513.0,05:31,2,14,0,8,67, 5:08,,NM,3.0,,11-2793,Middle School,122.00,11,0,11,55, 5:31,
514,514,,0.00,0.00,122.0,Middle School,514.0,05:16,2,13,0,9,64, 5:15,,TX,60.0,,11-6360,Middle School,122.00,12,0,10,58, 4:59,
515,515,,0.00,0.00,122.0,Middle School,515.0,05:49,2,12,0,10,59, 1:42,,CO,28.0,,11-3728,Middle School,122.00,13,0,9,63, 4:01,
516,516,,0.00,0.00,122.0,Middle School,516.0,05:48,2,15,0,7,68, 4:43,,FL,21.0,,11-3916,Middle School,122.00,14,2,8,54, 5:48,
517,517,,0.00,0.00,121.0,Middle School,517.0,05:17,2,13,0,9,63, 5:03,,CA,129.0,,11-2245,Middle School,121.00,13,1,9,58, 5:17,
518,518,,0.00,0.00,120.0,Middle School,518.0,03:54,2,13,0,9,60, 3:54,,CAN,13.0,,11-4356,Middle School,120.00,13,0,9,60, 3:38,
519,519,,0.00,0.00,120.0,Middle School,519.0,03:51,2,13,0,9,62, 3:49,,CO,29.0,,11-2350,Middle School,120.00,12,0,10,58, 3:51,
520,520,,0.00,0.00,120.0,Middle School,520.0,04:09,2,14,0,8,61, 4:06,,GA,30.0,,11-3570,Middle School,120.00,12,0,10,59, 3:57,
521,521,,0.00,0.00,120.0,Middle School,521.0,05:40,2,12,0,10,58, 5:36,,TX,61.0,,11-5394,Middle School,120.00,13,0,9,62, 5:40,
522,522,T,0.00,0.00,120.0,Middle School,522.0,12:08,2,14,0,8,67, 5:12,,FL,22.0,,11-1125,Middle School,120.00,13,1,9,53,12:05,T
523,523,,0.00,0.00,120.0,Middle School,523.0,05:44,2,13,0,9,58, 5:42,,SC,11.0,,11-3012,Middle School,120.00,13,0,9,62, 5:44,
524,524,,0.00,0.00,120.0,Middle School,524.0,05:53,2,13,0,9,54, 5:15,,CA,130.0,,11-4572,Middle School,120.00,16,1,6,66, 5:52,
525,525,,0.00,0.00,119.0,Middle School,525.0,04:36,2,11,0,11,55, 1:30,,FL,23.0,,11-5626,Middle School,119.00,13,0,9,64, 2:56,
526,526,,0.00,0.00,119.0,Middle School,526.0,04:24,2,13,0,9,58, 4:21,,NJ,15.0,,11-3147,Middle School,119.00,13,0,9,61, 4:21,
527,527,,0.00,0.00,119.0,Middle School,527.0,04:57,2,13,0,9,61, 2:25,,RI,10.0,,11-0904,Middle School,119.00,12,0,10,58, 2:31,
528,528,,0.00,0.00,119.0,Middle School,528.0,05:27,2,11,0,11,52, 4:56,,PA,3.0,,11-1359,Middle School,119.00,14,0,8,67, 5:27,
529,529,,0.00,0.00,119.0,Middle School,529.0,05:33,2,13,0,9,60, 5:33,,HI,16.0,,11-0802,Middle School,119.00,12,0,10,59, 5:18,
530,530,,0.00,0.00,118.0,Middle School,530.0,02:46,2,11,0,11,51, 2:46,,TX,62.0,,11-2333,Middle School,118.00,14,0,8,67, 1:04,
531,531,,0.00,0.00,118.0,Middle School,531.0,03:26,2,11,0,11,51, 1:46,,CA,131.0,,11-6543,Middle School,118.00,15,0,7,67, 3:20,
532,532,,0.00,0.00,118.0,Middle School,532.0,05:12,2,11,0,11,55, 2:35,,CA,132.0,,11-0792,Middle School,118.00,13,0,9,63, 5:12,
533,533,,0.00,0.00,118.0,Middle School,533.0,05:38,2,12,0,10,59, 5:22,,MD,9.0,,11-2050,Middle School,118.00,12,0,10,59, 5:36,
534,534,,0.00,0.00,118.0,Middle School,534.0,05:47,2,13,0,9,64, 5:46,,TX,63.0,,11-6452,Middle School,118.00,12,0,10,54, 5:47,
535,535,,0.00,0.00,118.0,Middle School,535.0,05:42,2,11,0,11,55, 5:38,,FL,24.0,,11-2899,Middle School,118.00,13,0,9,63, 5:42,
536,536,,0.00,0.00,117.0,Middle School,536.0,02:55,2,12,0,10,58, 2:27,,CT,4.0,,11-5129,Middle School,117.00,12,0,10,59, 2:55,
537,537,,0.00,0.00,117.0,Middle School,537.0,03:30,2,9,0,13,38, 1:46,,CA,133.0,,11-0715,Middle School,117.00,17,0,5,79, 3:27,
538,538,,0.00,0.00,117.0,Middle School,538.0,05:16,2,12,0,10,59, 3:26,,CA,134.0,,11-6066,Middle School,117.00,12,0,10,58, 5:16,
539,539,,0.00,0.00,117.0,Middle School,539.0,05:27,2,12,0,10,59, 5:20,,CA,135.0,,11-1479,Middle School,117.00,12,0,10,58, 5:18,
540,540,,0.00,0.00,115.0,Middle School,540.0,02:54,2,12,0,10,58, 2:26,,IL,10.0,,11-2184,Middle School,115.00,12,0,10,57, 2:54,
541,541,,0.00,0.00,115.0,Middle School,541.0,05:23,2,12,0,10,53, 5:10,,SC,12.0,,11-3086,Middle School,115.00,13,0,9,62, 5:23,
542,542,,0.00,0.00,115.0,Middle School,542.0,04:37,2,12,1,10,51, 4:37,,CAN,14.0,,11-4704,Middle School,115.00,14,0,8,64, 2:26,
543,543,,0.00,0.00,115.0,Middle School,543.0,04:50,2,12,0,10,60, 4:50,,CO,30.0,,11-4575,Middle School,115.00,11,0,11,55, 4:42,
544,544,,0.00,0.00,115.0,Middle School,544.0,05:55,2,9,0,13,44, 0:52,,CA,136.0,,11-6351,Middle School,115.00,15,0,7,71, 5:00,
545,545,,0.00,0.00,114.0,Middle School,545.0,03:42,2,10,0,12,51, 1:36,,VA,35.0,,11-6709,Middle School,114.00,13,0,9,63, 3:41,
546,546,,0.00,0.00,114.0,Middle School,546.0,05:04,2,12,0,10,59, 5:03,,CA,137.0,,11-5242,Middle School,114.00,11,0,11,55, 5:03,
547,547,,0.00,0.00,113.0,Middle School,547.0,03:05,2,12,0,10,59, 3:01,,CA,138.0,,11-2331,Middle School,113.00,12,1,10,54, 3:05,
548,548,,0.00,0.00,113.0,Middle School,548.0,04:30,2,11,0,11,52, 4:09,,GA,31.0,,11-4513,Middle School,113.00,13,0,9,61, 4:30,
549,549,,0.00,0.00,113.0,Middle School,549.0,02:53,2,12,0,10,59, 2:50,,CA,139.0,,11-2332,Middle School,113.00,11,0,11,54, 2:53,
550,550,,0.00,0.00,113.0,Middle School,550.0,04:52,2,11,1,11,46, 1:59,,RI,11.0,,11-0905,Middle School,113.00,14,0,8,67, 4:52,
551,551,,0.00,0.00,113.0,Middle School,551.0,05:49,2,14,1,8,51, 5:43,,AL,27.0,,11-0435,Middle School,113.00,14,0,8,62, 5:45,
552,552,,0.00,0.00,113.0,Middle School,552.0,05:08,2,12,0,10,56, 5:08,,IN,1.0,,11-3632,Middle School,113.00,12,0,10,57, 1:48,
553,553,,0.00,0.00,112.0,Middle School,553.0,05:21,2,12,2,10,49, 3:00,,NV,8.0,,11-2422,Middle School,112.00,13,0,9,63, 5:18,
554,554,,0.00,0.00,112.0,Middle School,554.0,05:38,2,13,2,9,51, 5:38,,CA,140.0,,11-4950,Middle School,112.00,13,0,9,61, 2:05,
555,555,,0.00,0.00,112.0,Middle School,555.0,05:21,2,14,0,8,58, 4:55,,TX,64.0,,11-2114,Middle School,112.00,12,0,10,54, 1:01,
556,556,,0.00,0.00,112.0,Middle School,556.0,05:31,2,11,0,11,55, 5:30,,VA,36.0,,11-5064,Middle School,112.00,12,0,10,57, 5:25,
557,557,,0.00,0.00,111.0,Middle School,557.0,03:53,2,10,0,12,49, 3:49,,CO,31.0,,11-6380,Middle School,111.00,13,0,9,62, 3:52,
558,558,,0.00,0.00,111.0,Middle School,558.0,03:50,2,12,0,10,57, 2:10,,CAN,15.0,,11-6843,Middle School,111.00,12,0,10,54, 3:12,
559,559,,0.00,0.00,111.0,Middle School,559.0,05:33,2,12,0,10,60, 4:00,,TX,65.0,,11-5471,Middle School,111.00,10,0,12,51, 5:33,
560,560,,0.00,0.00,111.0,Middle School,560.0,05:51,2,13,0,9,64, 2:08,,CO,32.0,,11-5163,Middle School,111.00,10,0,12,47, 3:40,
561,561,T,0.00,0.00,111.0,Middle School,561.0,06:02,2,11,0,11,54, 5:47,,SC,13.0,,11-6359,Middle School,111.00,12,0,10,57, 5:28,
562,562,,0.00,0.00,111.0,Middle School,562.0,05:43,2,8,0,14,38, 5:39,,TX,66.0,,11-4714,Middle School,111.00,16,0,6,73, 5:40,
563,563,,0.00,0.00,110.0,Middle School,563.0,04:26,2,11,0,11,55, 3:28,,CT,5.0,,11-2515,Middle School,110.00,11,0,11,55, 4:22,
564,564,,0.00,0.00,110.0,Middle School,564.0,04:41,2,12,0,10,59, 4:30,,CO,33.0,,11-6089,Middle School,110.00,10,0,12,51, 4:41,
565,565,,0.00,0.00,110.0,Middle School,565.0,04:39,2,8,0,14,32, 1:04,,TX,67.0,,11-6333,Middle School,110.00,17,0,5,78, 4:32,
566,566,,0.00,0.00,110.0,Middle School,566.0,05:05,2,14,0,8,59, 4:14,,CO,34.0,,11-6699,Middle School,110.00,12,0,10,51, 5:05,
567,567,,0.00,0.00,110.0,Middle School,567.0,04:44,2,13,0,9,59, 4:42,,CAN,16.0,,11-6743,Middle School,110.00,11,0,11,51, 4:39,
568,568,,0.00,0.00,110.0,Middle School,568.0,05:51,2,12,0,10,57, 5:51,,AZ,11.0,,11-4770,Middle School,110.00,12,1,10,53, 5:43,
569,569,T,0.00,0.00,110.0,Middle School,569.0,06:11,2,11,0,11,51, 6:09,T,CA,141.0,,11-6142,Middle School,110.00,13,0,9,59, 6:11,T
570,570,,0.00,0.00,109.0,Middle School,570.0,04:31,2,9,0,13,47, 3:43,,AZ,12.0,,11-1156,Middle School,109.00,13,0,9,62, 4:31,
571,571,,0.00,0.00,109.0,Middle School,571.0,03:24,2,6,0,16,30, 1:43,,CA,142.0,,11-0713,Middle School,109.00,17,0,5,79, 3:24,
572,572,,0.00,0.00,109.0,Middle School,572.0,04:38,2,8,0,14,38, 3:43,,GA,32.0,,11-3572,Middle School,109.00,15,0,7,71, 4:38,
573,573,,0.00,0.00,109.0,Middle School,573.0,05:32,2,12,0,10,58, 1:43,,CA,143.0,,11-5539,Middle School,109.00,10,0,12,51, 3:46,
574,574,,0.00,0.00,108.0,Middle School,574.0,02:01,2,8,0,14,36, 1:56,,FL,25.0,,11-4963,Middle School,108.00,15,0,7,72, 2:01,
575,575,,0.00,0.00,108.0,Middle School,575.0,05:30,2,11,0,11,52, 5:25,,CA,144.0,,11-4627,Middle School,108.00,11,0,11,56, 5:23,
576,576,,0.00,0.00,108.0,Middle School,576.0,03:39,2,13,1,9,56, 3:38,,VA,37.0,,11-4295,Middle School,108.00,12,1,10,52, 3:39,
577,577,,0.00,0.00,108.0,Middle School,577.0,04:11,2,11,0,11,54, 4:10,,CA,145.0,,11-6670,Middle School,108.00,11,0,11,54, 4:11,
578,578,T,0.00,0.00,108.0,Middle School,578.0,06:32,2,12,0,10,54, 6:32,T,TX,68.0,,11-2214,Middle School,108.00,11,0,11,54, 5:41,
579,579,,0.00,0.00,108.0,Middle School,579.0,05:56,2,12,2,10,45, 2:46,,WI,2.0,,11-3937,Middle School,108.00,14,1,8,63, 5:56,
580,580,,0.00,0.00,107.0,Middle School,580.0,04:34,2,12,0,10,59, 0:57,,FL,26.0,,11-2752,Middle School,107.00,12,2,10,48, 4:34,
581,581,,0.00,0.00,107.0,Middle School,581.0,03:25,2,12,0,10,58, 3:22,,GA,33.0,,11-0611,Middle School,107.00,11,1,11,49, 3:25,
582,582,,0.00,0.00,106.0,Middle School,582.0,05:54,2,11,0,11,53, 5:53,,OH,11.0,,11-2708,Middle School,106.00,11,0,11,53, 5:53,
583,583,,0.00,0.00,106.0,Middle School,583.0,04:37,2,10,0,12,47, 2:49,,AR,5.0,,11-5428,Middle School,106.00,12,0,10,59, 4:23,
584,584,T,0.00,0.00,106.0,Middle School,584.0,06:15,2,10,0,12,44, 5:50,,TX,69.0,,11-2215,Middle School,106.00,13,0,9,62, 6:15,T
585,585,,0.00,0.00,106.0,Middle School,585.0,05:49,2,14,0,8,59, 5:49,,DC,1.0,,11-2725,Middle School,106.00,11,0,11,47, 5:46,
586,586,,0.00,0.00,105.0,Middle School,586.0,03:56,2,11,0,11,52, 3:53,,GA,34.0,,11-4512,Middle School,105.00,11,0,11,53, 3:54,
587,587,,0.00,0.00,105.0,Middle School,587.0,04:24,2,11,0,11,55, 4:22,,SC,14.0,,11-1471,Middle School,105.00,11,1,11,50, 4:24,
588,588,,0.00,0.00,105.0,Middle School,588.0,05:49,2,12,0,10,57, 5:49,,GA,35.0,,11-3784,Middle School,105.00,12,2,10,48, 5:41,
589,589,,0.00,0.00,105.0,Middle School,589.0,05:40,2,12,0,10,54, 5:13,,CAN,17.0,,11-4923,Middle School,105.00,11,0,11,51, 4:10,
590,590,,0.00,0.00,105.0,Middle School,590.0,05:39,2,11,0,11,51, 4:31,,SC,15.0,,11-1405,Middle School,105.00,11,0,11,54, 5:39,
591,591,,0.00,0.00,104.0,Middle School,591.0,03:14,2,10,0,12,49, 2:55,,CA,146.0,,11-6620,Middle School,104.00,11,0,11,55, 3:13,
592,592,,0.00,0.00,104.0,Middle School,592.0,04:34,2,9,2,13,34, 2:02,,FL,27.0,,11-3639,Middle School,104.00,15,0,7,70, 4:19,
593,593,,0.00,0.00,104.0,Middle School,593.0,05:55,2,10,0,12,48, 5:48,,CAN,18.0,,11-1442,Middle School,104.00,12,0,10,56, 5:54,
594,594,,0.00,0.00,104.0,Middle School,594.0,05:36,2,11,0,11,54, 5:35,,TX,70.0,,11-3362,Middle School,104.00,10,0,12,50, 5:36,
595,595,,0.00,0.00,104.0,Middle School,595.0,05:27,2,11,0,11,50, 5:27,,AZ,13.0,,11-0208,Middle School,104.00,11,0,11,54, 5:11,
596,596,,0.00,0.00,104.0,Middle School,596.0,05:54,2,13,0,9,63, 5:49,,AL,28.0,,11-1704,Middle School,104.00,11,3,11,41, 5:53,
597,597,,0.00,0.00,103.0,Middle School,597.0,04:52,2,11,0,11,50, 4:51,,LA,10.0,,11-3216,Middle School,103.00,12,1,10,53, 4:17,
598,598,,0.00,0.00,103.0,Middle School,598.0,05:26,2,13,0,9,51, 5:26,,HI,17.0,,11-0801,Middle School,103.00,13,0,9,52, 5:18,
599,599,,0.00,0.00,103.0,Middle School,599.0,05:16,2,11,1,11,49, 5:15,,SC,16.0,,11-6861,Middle School,103.00,11,0,11,54, 5:09,
600,600,,0.00,0.00,103.0,Middle School,600.0,05:55,2,12,0,10,47, 5:55,,TX,71.0,,11-5178,Middle School,103.00,12,0,10,56, 5:54,
601,601,,0.00,0.00,103.0,Middle School,601.0,05:55,2,11,0,11,49, 5:54,,TX,72.0,,11-2217,Middle School,103.00,11,0,11,54, 5:50,
602,602,,0.00,0.00,102.0,Middle School,602.0,02:10,2,11,0,11,51, 1:01,,MN,5.0,,11-1225,Middle School,102.00,11,0,11,51, 1:06,
603,603,,0.00,0.00,102.0,Middle School,603.0,05:49,2,9,0,13,43, 5:15,,CA,147.0,,11-3261,Middle School,102.00,12,0,10,59, 5:49,
604,604,,0.00,0.00,102.0,Middle School,604.0,03:54,2,11,0,11,53, 1:14,,GA,36.0,,11-4190,Middle School,102.00,10,0,12,49, 3:54,
605,605,,0.00,0.00,101.0,Middle School,605.0,03:39,2,11,0,11,52, 3:36,,LA,11.0,,11-3828,Middle School,101.00,12,2,10,49, 3:39,
606,606,M,-10.00,0.00,111.0,Middle School,606.0,04:16,2,16,0,6,75, 4:14,M,HI,18.0,,11-3119,Middle School,101.00,7,1,15,36, 4:16,M
607,607,T,0.00,0.00,101.0,Middle School,607.0,06:19,2,15,0,7,71, 6:06,T,MD,10.0,,11-5332,Middle School,101.00,6,0,16,30, 5:59,
608,608,M,-10.00,0.00,110.0,Middle School,608.0,05:12,2,11,2,11,36, 5:12,M,LA,12.0,,11-3217,Middle School,100.00,16,0,6,74, 5:08,M
609,609,,0.00,0.00,100.0,Middle School,609.0,05:43,2,13,1,9,58, 2:44,,WI,3.0,,11-2479,Middle School,100.00,10,0,12,42, 2:56,
610,610,T,0.00,0.00,99.0,Middle School,610.0,12:02,2,11,0,11,51, 5:26,,SC,17.0,,11-3087,Middle School,99.00,10,0,12,48,11:44,T
611,611,,0.00,0.00,98.0,Middle School,611.0,02:53,2,11,0,11,54, 2:51,,LA,13.0,,11-6436,Middle School,98.00,11,2,11,44, 2:53,
612,612,,0.00,0.00,98.0,Middle School,612.0,05:29,2,10,0,12,49, 5:22,,TN,7.0,,11-2205,Middle School,98.00,10,0,12,49, 5:29,
613,613,,0.00,0.00,98.0,Middle School,613.0,05:20,2,9,0,13,44, 2:07,,WY,2.0,,11-2397,Middle School,98.00,11,0,11,54, 5:20,
614,614,,0.00,0.00,98.0,Middle School,614.0,05:38,2,11,0,11,47, 3:55,,NC,5.0,,11-1653,Middle School,98.00,12,1,10,51, 5:38,
615,615,,0.00,0.00,98.0,Middle School,615.0,05:44,2,12,2,10,44, 3:03,,AR,6.0,,11-0221,Middle School,98.00,12,0,10,54, 5:44,
616,616,,0.00,0.00,97.0,Middle School,616.0,03:46,2,9,1,13,38, 3:23,,IL,11.0,,11-6588,Middle School,97.00,12,0,10,59, 3:46,
617,617,,0.00,0.00,97.0,Middle School,617.0,05:50,2,8,0,14,40, 1:26,,WY,3.0,,11-0698,Middle School,97.00,12,0,10,57, 2:35,
618,618,,0.00,0.00,96.0,Middle School,618.0,04:26,2,10,0,12,48, 4:25,,MT,1.0,,11-4645,Middle School,96.00,10,0,12,48, 4:17,
619,619,,0.00,0.00,96.0,Middle School,619.0,05:57,2,11,0,11,46, 5:56,,TX,73.0,,11-2216,Middle School,96.00,12,0,10,50, 5:54,
620,620,,0.00,0.00,95.0,Middle School,620.0,03:33,2,12,2,10,46, 1:33,,AR,7.0,,11-4214,Middle School,95.00,10,0,12,49, 3:33,
621,621,,0.00,0.00,95.0,Middle School,621.0,04:37,2,11,2,11,41, 4:23,,MD,11.0,,11-1511,Middle School,95.00,12,0,10,54, 4:32,
622,622,,0.00,0.00,95.0,Middle School,622.0,05:23,2,12,0,10,49, 5:02,,CA,148.0,,11-5244,Middle School,95.00,11,0,11,46, 5:23,
623,623,T,0.00,0.00,95.0,Middle School,623.0,27:13,2,12,0,10,54,27:13,T,CA,149.0,,11-3591,Middle School,95.00,8,0,14,41, 4:49,
624,624,,0.00,0.00,94.0,Middle School,624.0,03:34,2,8,0,14,39, 3:33,,CO,35.0,,11-0632,Middle School,94.00,11,0,11,55, 1:58,
625,625,,0.00,0.00,94.0,Middle School,625.0,05:52,2,10,0,12,44, 5:48,,TX,74.0,,11-4925,Middle School,94.00,10,0,12,50, 5:52,
626,626,,0.00,0.00,93.0,Middle School,626.0,05:37,2,9,0,13,44, 2:57,,CA,150.0,,11-6287,Middle School,93.00,10,0,12,49, 5:36,
627,627,,0.00,0.00,93.0,Middle School,627.0,05:25,2,10,0,12,46, 5:24,,TX,75.0,,11-5211,Middle School,93.00,11,0,11,47, 5:23,
628,628,,0.00,0.00,93.0,Middle School,628.0,05:42,2,9,1,13,40, 5:19,,TX,76.0,,11-5045,Middle School,93.00,11,0,11,53, 5:41,
629,629,,0.00,0.00,92.0,Middle School,629.0,05:28,2,6,0,16,28, 4:40,,OH,12.0,,11-4682,Middle School,92.00,14,0,8,64, 5:27,
630,630,,0.00,0.00,92.0,Middle School,630.0,05:50,2,8,1,14,35, 2:05,,CA,151.0,,11-2727,Middle School,92.00,12,0,10,57, 5:43,
631,631,,0.00,0.00,92.0,Middle School,631.0,05:51,2,9,0,13,42, 5:49,,AZ,14.0,,11-2437,Middle School,92.00,10,0,12,50, 5:50,
632,632,T,0.00,0.00,91.0,Middle School,632.0,33:11,2,0,0,22,0,30:44,T,CA,152.0,,11-2240,Middle School,91.00,20,0,2,91, 5:32,
633,633,,0.00,0.00,90.0,Middle School,633.0,05:22,2,12,0,10,50, 5:22,,TX,77.0,,11-5210,Middle School,90.00,10,1,12,40, 5:14,
634,634,,0.00,0.00,89.0,Middle School,634.0,01:58,2,5,1,17,19, 0:22,,CA,153.0,,11-6664,Middle School,89.00,15,0,7,70, 1:01,
635,635,M,0.00,0.00,89.0,Middle School,635.0,03:17,2,8,0,14,38, 3:04,,CA,154.0,,11-6633,Middle School,89.00,11,0,11,51, 3:16,M
636,636,,0.00,0.00,89.0,Middle School,636.0,04:16,2,8,1,14,30, 3:03,,MI,8.0,,11-6947,Middle School,89.00,12,0,10,59, 2:53,
637,637,,0.00,0.00,88.0,Middle School,637.0,05:18,2,9,0,13,44, 2:53,,CA,155.0,,11-6285,Middle School,88.00,9,0,13,44, 5:17,
638,638,,0.00,0.00,88.0,Middle School,638.0,05:12,2,9,1,13,39, 5:11,,CO,36.0,,11-6111,Middle School,88.00,10,0,12,49, 5:12,
639,639,,0.00,0.00,88.0,Middle School,639.0,05:18,2,8,0,14,37, 4:59,,SC,18.0,,11-3088,Middle School,88.00,13,2,9,51, 5:18,
640,640,,0.00,0.00,88.0,Middle School,640.0,05:57,2,9,0,13,46, 5:52,,CA,156.0,,11-4934,Middle School,88.00,8,0,14,42, 5:57,
641,641,,0.00,0.00,88.0,Middle School,641.0,05:27,2,9,0,13,38, 5:16,,CO,37.0,,11-0676,Middle School,88.00,11,0,11,50, 5:27,
642,642,,0.00,0.00,87.0,Middle School,642.0,05:27,2,12,0,10,58, 5:05,,FL,28.0,,11-2075,Middle School,87.00,5,0,17,29, 5:27,
643,643,,0.00,0.00,85.0,Middle School,643.0,02:59,2,7,0,15,32, 2:24,,AR,8.0,,11-1307,Middle School,85.00,11,0,11,53, 2:56,
644,644,,0.00,0.00,85.0,Middle School,644.0,03:52,2,9,0,13,38, 3:48,,CO,38.0,,11-6376,Middle School,85.00,11,0,11,47, 3:52,
645,645,M,-5.00,0.00,90.0,Middle School,645.0,05:03,2,11,0,11,48, 2:12,,TX,78.0,,11-5567,Middle School,85.00,9,0,13,42, 5:03,M
646,646,,0.00,0.00,85.0,Middle School,646.0,05:43,2,9,1,13,42, 5:42,,CA,157.0,,11-2516,Middle School,85.00,9,0,13,43, 5:28,
647,647,,0.00,0.00,85.0,Middle School,647.0,05:58,2,10,0,12,50, 5:56,,AL,29.0,,11-2715,Middle School,85.00,7,0,15,35, 5:58,
648,648,,0.00,0.00,84.0,Middle School,648.0,04:19,2,11,0,11,51, 4:19,,RI,12.0,,11-2030,Middle School,84.00,8,0,14,33, 4:07,
649,649,,0.00,0.00,84.0,Middle School,649.0,05:45,2,11,0,11,44, 5:43,,WA,3.0,,11-5274,Middle School,84.00,10,0,12,40, 5:45,
650,650,,0.00,0.00,83.0,Middle School,650.0,02:30,2,5,0,17,28, 2:17,,OH,13.0,,11-0023,Middle School,83.00,11,0,11,55, 1:48,
651,651,,0.00,0.00,83.0,Middle School,651.0,05:15,2,9,1,13,38, 5:14,,CA,158.0,,11-3021,Middle School,83.00,9,0,13,45, 5:15,
652,652,,0.00,0.00,82.0,Middle School,652.0,05:34,2,10,0,12,43, 5:31,,CA,159.0,,11-4580,Middle School,82.00,9,0,13,39, 5:34,
653,653,,0.00,0.00,82.0,Middle School,653.0,05:18,2,6,0,16,35, 1:52,,MD,12.0,,11-0358,Middle School,82.00,9,0,13,47, 3:23,
654,654,,0.00,0.00,82.0,Middle School,654.0,05:23,2,9,1,13,43, 5:15,,CO,39.0,,11-3547,Middle School,82.00,7,0,15,39, 5:23,
655,655,,0.00,0.00,82.0,Middle School,655.0,05:32,2,10,2,12,34, 4:09,,AR,9.0,,11-4727,Middle School,82.00,12,2,10,48, 5:16,
656,656,,0.00,0.00,81.0,Middle School,656.0,05:24,2,8,0,14,40, 4:53,,HI,19.0,,11-1351,Middle School,81.00,8,0,14,41, 5:24,
657,657,,0.00,0.00,80.0,Middle School,657.0,04:15,1,,,,,,,MD,13.0,,11-5849,Middle School,80.00,17,0,5,80, 4:15,
658,658,,0.00,0.00,80.0,Middle School,658.0,04:24,2,9,0,13,44, 4:20,,CO,40.0,,11-2550,Middle School,80.00,7,0,15,36, 2:09,
659,659,,0.00,0.00,80.0,Middle School,659.0,05:56,2,11,0,11,55, 5:56,,WA,4.0,,11-2697,Middle School,80.00,5,0,17,25, 5:56,
660,660,,0.00,0.00,79.0,Middle School,660.0,05:25,1,18,0,4,79, 5:14,,RI,13.0,,11-1426,Middle School,79.00,,,,,,
661,661,M,0.00,0.00,78.0,Middle School,661.0,04:43,2,7,0,15,35, 0:34,,CA,160.0,,11-4393,Middle School,78.00,8,0,14,43, 4:40,M
662,662,,0.00,0.00,78.0,Middle School,662.0,05:51,2,11,0,11,54, 5:51,,AL,30.0,,11-1703,Middle School,78.00,8,2,14,24, 5:46,
663,663,,0.00,0.00,77.0,Middle School,663.0,04:41,2,12,0,10,54, 4:08,,CA,161.0,,11-3590,Middle School,77.00,6,2,16,23, 4:41,
664,664,,0.00,0.00,77.0,Middle School,664.0,05:07,2,6,0,16,32, 1:37,,AL,31.0,,11-2270,Middle School,77.00,9,0,13,45, 5:07,
665,665,,0.00,0.00,77.0,Middle School,665.0,04:17,2,7,0,15,31, 0:59,,CAN,19.0,,11-5659,Middle School,77.00,10,0,12,46, 3:10,
666,666,,0.00,0.00,76.0,Middle School,666.0,04:32,2,9,0,13,38, 2:05,,CAN,20.0,,11-5347,Middle School,76.00,9,0,13,38, 4:31,
667,667,,0.00,0.00,76.0,Middle School,667.0,05:03,2,8,0,14,34, 4:58,,CO,41.0,,11-5589,Middle School,76.00,9,0,13,42, 5:03,
668,668,,0.00,0.00,76.0,Middle School,668.0,04:32,2,11,0,11,53, 4:31,,CA,162.0,,11-0028,Middle School,76.00,6,2,16,23, 3:37,
669,669,T,0.00,0.00,76.0,Middle School,669.0,06:12,2,9,1,13,36, 6:11,T,IL,12.0,,11-3497,Middle School,76.00,10,1,12,40, 6:09,T
670,670,,0.00,0.00,76.0,Middle School,670.0,05:37,2,9,0,13,39, 5:35,,TX,79.0,,11-3174,Middle School,76.00,9,0,13,37, 5:37,
671,671,T,0.00,0.00,76.0,Middle School,671.0,07:47,2,8,0,14,35, 5:31,,CA,163.0,,11-0004,Middle School,76.00,8,0,14,41, 7:47,T
672,672,T,0.00,0.00,75.0,Middle School,672.0,07:12,2,8,1,14,35, 7:11,T,CA,164.0,,11-0590,Middle School,75.00,8,0,14,40, 6:59,T
673,673,,0.00,0.00,74.0,Middle School,673.0,04:40,2,6,0,16,32, 3:14,,CAN,21.0,,11-5138,Middle School,74.00,8,0,14,42, 4:40,
674,674,,0.00,0.00,72.0,Middle School,674.0,03:20,2,9,0,13,44, 2:30,,MD,14.0,,11-2106,Middle School,72.00,7,1,15,28, 2:23,
675,675,,0.00,0.00,72.0,Middle School,675.0,03:33,2,8,0,14,36, 3:28,,HI,20.0,,11-3389,Middle School,72.00,7,0,15,36, 3:30,
676,676,,0.00,0.00,72.0,Middle School,676.0,04:45,2,7,0,15,33, 4:44,,CA,165.0,,11-0219,Middle School,72.00,7,0,15,39, 4:32,
677,677,,0.00,0.00,72.0,Middle School,677.0,05:40,2,7,1,15,31, 5:39,,TX,80.0,,11-3364,Middle School,72.00,8,0,14,41, 5:40,
678,678,,0.00,0.00,71.0,Middle School,678.0,03:19,2,2,0,20,8, 1:45,,CA,166.0,,11-6544,Middle School,71.00,13,0,9,63, 3:17,
679,679,,0.00,0.00,71.0,Middle School,679.0,04:13,1,,,,,,,HI,21.0,,11-6848,Middle School,71.00,15,0,7,71, 4:13,
680,680,,0.00,0.00,70.0,Middle School,680.0,02:17,1,,,,,,,TX,81.0,,11-3433,Middle School,70.00,15,0,7,70, 2:17,
681,681,,0.00,0.00,70.0,Middle School,681.0,02:47,1,,,,,,,CO,42.0,,11-4297,Middle School,70.00,15,0,7,70, 2:47,
682,682,,0.00,0.00,70.0,Middle School,682.0,05:42,2,8,0,14,35, 5:42,,CO,43.0,,11-3456,Middle School,70.00,8,0,14,35, 5:16,
683,683,,0.00,0.00,69.0,Middle School,683.0,05:34,2,8,0,14,34, 5:33,,CA,167.0,,11-4581,Middle School,69.00,8,0,14,35, 5:34,
684,684,,0.00,0.00,69.0,Middle School,684.0,05:27,2,8,0,14,32, 3:13,,CA,168.0,,11-2897,Middle School,69.00,9,0,13,37, 5:27,
685,685,,0.00,0.00,68.0,Middle School,685.0,04:25,2,9,2,13,36, 4:02,,CAN,22.0,,11-5689,Middle School,68.00,9,3,13,32, 4:19,
686,686,,0.00,0.00,68.0,Middle School,686.0,04:35,2,5,0,17,28, 4:24,,CA,169.0,,11-3022,Middle School,68.00,8,0,14,40, 4:35,
687,687,T,0.00,0.00,68.0,Middle School,687.0,06:07,2,9,0,13,40, 5:56,,CO,44.0,,11-0640,Middle School,68.00,7,0,15,28, 6:07,T
688,688,,0.00,0.00,68.0,Middle School,688.0,05:57,1,,,,,,,OK,5.0,,11-5967,Middle School,68.00,14,0,8,68, 5:57,
689,689,,0.00,0.00,67.0,Middle School,689.0,04:55,2,7,0,15,38, 4:50,,TX,82.0,,11-4276,Middle School,67.00,7,2,15,29, 4:52,
690,690,,0.00,0.00,67.0,Middle School,690.0,05:53,2,6,0,16,29, 5:49,,CA,170.0,,11-4931,Middle School,67.00,7,0,15,38, 5:53,
691,691,,0.00,0.00,66.0,Middle School,691.0,04:30,2,9,2,13,34, 1:33,,FL,29.0,,11-3641,Middle School,66.00,7,0,15,32, 2:46,
692,692,,0.00,0.00,65.0,Middle School,692.0,04:08,2,8,0,14,38, 1:24,,WY,4.0,,11-1568,Middle School,65.00,8,2,14,27, 4:08,
693,693,T,0.00,0.00,65.0,Middle School,693.0,06:12,2,7,0,15,35, 5:52,,TX,83.0,,11-1031,Middle School,65.00,8,2,14,30, 6:12,T
694,694,,0.00,0.00,64.0,Middle School,694.0,04:50,2,9,0,13,40, 4:49,,CA,171.0,,11-6135,Middle School,64.00,6,0,16,24, 4:50,
695,695,,0.00,0.00,63.0,Middle School,695.0,05:43,2,6,0,16,24, 5:42,,CA,172.0,,11-2246,Middle School,63.00,9,1,13,39, 5:40,
696,696,,0.00,0.00,62.0,Middle School,696.0,03:15,1,,,,,,,NJ,16.0,,11-1508,Middle School,62.00,13,0,9,62, 3:15,
697,697,,0.00,0.00,62.0,Middle School,697.0,03:44,1,,,,,,,NJ,17.0,,11-4339,Middle School,62.00,13,0,9,62, 3:44,
698,698,,0.00,0.00,62.0,Middle School,698.0,04:15,1,,,,,,,UT,3.0,,11-4470,Middle School,62.00,13,0,9,62, 3:09,
699,699,,0.00,0.00,62.0,Middle School,699.0,05:17,2,6,0,16,24, 2:30,,CA,173.0,,11-3927,Middle School,62.00,9,0,13,38, 5:17,
700,700,,0.00,0.00,61.0,Middle School,700.0,02:14,1,,,,,,,TX,84.0,,11-3816,Middle School,61.00,13,0,9,61, 2:14,
701,701,,0.00,0.00,61.0,Middle School,701.0,03:49,2,3,0,19,12, 2:43,,GA,37.0,,11-4511,Middle School,61.00,10,0,12,49, 3:47,
702,702,,0.00,0.00,61.0,Middle School,702.0,05:34,2,8,0,14,35, 4:59,,CA,174.0,,11-4624,Middle School,61.00,7,1,15,26, 5:34,
703,703,,0.00,0.00,60.0,Middle School,703.0,05:31,2,7,0,15,32, 5:27,,CA,175.0,,11-1770,Middle School,60.00,6,0,16,28, 5:31,
704,704,,0.00,0.00,60.0,Middle School,704.0,05:18,2,7,0,15,28, 1:53,,AL,32.0,,11-2271,Middle School,60.00,7,0,15,32, 5:13,
705,705,,0.00,0.00,60.0,Middle School,705.0,04:54,2,4,0,18,16, 0:28,,RI,14.0,,11-0906,Middle School,60.00,10,1,12,44, 4:24,
706,706,M,-10.00,0.00,70.0,Middle School,706.0,05:21,2,10,0,12,47, 5:16,M,AL,33.0,,11-4018,Middle School,60.00,6,0,16,23, 5:17,M
707,707,,0.00,0.00,59.0,Middle School,707.0,03:58,1,,,,,,,LA,14.0,,11-0558,Middle School,59.00,12,0,10,59, 3:58,
708,708,,0.00,0.00,58.0,Middle School,708.0,01:51,1,,,,,,,MO,11.0,,11-5109,Middle School,58.00,12,0,10,58, 1:51,
709,709,,0.00,0.00,58.0,Middle School,709.0,05:47,2,10,3,12,28, 5:47,,AL,34.0,,11-5358,Middle School,58.00,9,2,13,30, 5:37,
710,710,,0.00,0.00,58.0,Middle School,710.0,05:32,2,6,0,16,25, 1:26,,AL,35.0,,11-2265,Middle School,58.00,8,0,14,33, 5:32,
711,711,,0.00,0.00,58.0,Middle School,711.0,05:27,2,7,1,15,27, 3:47,,CA,176.0,,11-4628,Middle School,58.00,7,0,15,31, 5:27,
712,712,,0.00,0.00,58.0,Middle School,712.0,05:31,2,8,3,14,26, 5:31,,TX,85.0,,11-4277,Middle School,58.00,8,0,14,32, 4:45,
713,713,,0.00,0.00,58.0,Middle School,713.0,05:47,2,3,2,19,6, 0:31,,WV,2.0,,11-6950,Middle School,58.00,11,1,11,52, 4:59,
714,714,,0.00,0.00,57.0,Middle School,714.0,04:19,2,7,0,15,28, 4:12,,FL,30.0,,11-0230,Middle School,57.00,7,0,15,29, 4:19,
715,715,,0.00,0.00,56.0,Middle School,715.0,03:11,2,6,1,16,19, 2:59,,CA,177.0,,11-6646,Middle School,56.00,8,0,14,37, 3:10,
716,716,,0.00,0.00,56.0,Middle School,716.0,05:45,2,3,0,19,18, 1:09,,TX,86.0,,11-5049,Middle School,56.00,7,0,15,38, 5:45,
717,717,,0.00,0.00,56.0,Middle School,717.0,05:52,2,7,0,15,28, 1:45,,AL,36.0,,11-2267,Middle School,56.00,7,0,15,28, 5:52,
718,718,,0.00,0.00,55.0,Middle School,718.0,05:40,2,7,0,15,29, 5:40,,CO,45.0,,11-4939,Middle School,55.00,6,0,16,26, 5:33,
719,719,,0.00,0.00,55.0,Middle School,719.0,05:36,2,7,0,15,28, 5:34,,NJ,18.0,,11-3913,Middle School,55.00,7,1,15,27, 5:36,
720,720,,0.00,0.00,55.0,Middle School,720.0,04:21,1,,,,,,,CAN,23.0,,11-4498,Middle School,55.00,11,0,11,55, 4:21,
721,721,,0.00,0.00,55.0,Middle School,721.0,05:15,2,6,0,16,25, 4:09,,GA,38.0,,11-2262,Middle School,55.00,7,0,15,30, 5:15,
722,722,,0.00,0.00,55.0,Middle School,722.0,05:57,2,5,0,17,21, 2:17,,SC,19.0,,11-6531,Middle School,55.00,8,0,14,34, 3:34,
723,723,,0.00,0.00,55.0,Middle School,723.0,05:43,2,2,0,20,9, 5:42,,GA,39.0,,11-3785,Middle School,55.00,9,0,13,46, 5:17,
724,724,,0.00,0.00,54.0,Middle School,724.0,01:40,1,11,0,11,54, 1:40,,FL,31.0,,11-4961,Middle School,54.00,,,,,,
725,725,,0.00,0.00,54.0,Middle School,725.0,05:59,2,8,1,14,38, 5:58,,AL,37.0,,11-1311,Middle School,54.00,6,3,16,16, 5:59,
726,726,,0.00,0.00,54.0,Middle School,726.0,05:51,2,6,0,16,33, 4:34,,CA,178.0,,11-5538,Middle School,54.00,3,0,19,21, 1:24,
727,727,,0.00,0.00,54.0,Middle School,727.0,05:34,1,12,0,10,54, 5:31,,AL,38.0,,11-2266,Middle School,54.00,,,,,,
728,728,T,0.00,0.00,54.0,Middle School,728.0,167:46,2,3,0,19,15,166:27,T,CA,179.0,,11-6468,Middle School,54.00,7,0,15,39, 6:01,T
729,729,,0.00,0.00,53.0,Middle School,729.0,02:40,1,,,,,,,TX,87.0,,11-3215,Middle School,53.00,14,1,8,53, 2:40,
730,730,,0.00,0.00,53.0,Middle School,730.0,05:54,2,2,0,20,9, 5:53,,VA,38.0,,11-6163,Middle School,53.00,13,2,9,44, 5:53,
731,731,,0.00,0.00,52.0,Middle School,731.0,03:57,2,7,0,15,28, 1:24,,VA,39.0,,11-5934,Middle School,52.00,6,0,16,24, 2:31,
732,732,,0.00,0.00,51.0,Middle School,732.0,02:20,1,,,,,,,TX,88.0,,11-3817,Middle School,51.00,12,1,10,51, 2:20,
733,733,,0.00,0.00,51.0,Middle School,733.0,03:22,2,7,0,15,27, 2:35,,CT,6.0,,11-4178,Middle School,51.00,6,0,16,24, 3:17,
734,734,,0.00,0.00,50.0,Middle School,734.0,04:00,2,7,2,15,18, 1:19,,GA,40.0,,11-0781,Middle School,50.00,10,2,12,32, 4:00,
735,735,,0.00,0.00,50.0,Middle School,735.0,05:24,2,5,0,17,19, 5:24,,TX,89.0,,11-5215,Middle School,50.00,10,2,12,31, 5:23,
736,736,,0.00,0.00,50.0,Middle School,736.0,04:30,2,3,2,19,2, 2:07,,FL,32.0,,11-3634,Middle School,50.00,10,0,12,48, 4:30,
737,737,,0.00,0.00,49.0,Middle School,737.0,05:01,2,6,0,16,24, 2:24,,OH,14.0,,11-3040,Middle School,49.00,6,0,16,25, 1:56,
738,738,,0.00,0.00,48.0,Middle School,738.0,04:16,2,5,0,17,28, 2:36,,CA,180.0,,11-4298,Middle School,48.00,3,0,19,20, 4:16,
739,739,,0.00,0.00,48.0,Middle School,739.0,05:08,2,4,2,18,10, 1:04,,RI,15.0,,11-0907,Middle School,48.00,9,0,13,38, 4:02,
740,740,,0.00,0.00,48.0,Middle School,740.0,05:36,2,7,2,15,28, 5:35,,CA,181.0,,11-3545,Middle School,48.00,5,2,17,20, 5:35,
741,741,,0.00,0.00,47.0,Middle School,741.0,05:30,1,11,1,11,47, 5:19,,CA,182.0,,11-5874,Middle School,47.00,,,,,,
742,742,,0.00,0.00,47.0,Middle School,742.0,04:28,2,3,0,19,11, 4:27,,CA,183.0,,11-3015,Middle School,47.00,7,0,15,36, 4:27,
743,743,,0.00,0.00,47.0,Middle School,743.0,06:00,2,4,2,18,8, 3:22,,MO,12.0,,11-1631,Middle School,47.00,7,0,15,39, 6:00,
744,744,,0.00,0.00,46.0,Middle School,744.0,04:13,1,,,,,,,MD,15.0,,11-5848,Middle School,46.00,10,1,12,46, 4:13,
745,745,,0.00,0.00,46.0,Middle School,745.0,03:54,2,6,0,16,27, 3:53,,CAN,24.0,,11-4357,Middle School,46.00,5,0,17,19, 3:26,
746,746,,0.00,0.00,45.0,Middle School,746.0,03:23,2,5,0,17,20, 2:32,,CT,7.0,,11-4180,Middle School,45.00,6,0,16,25, 3:23,
747,747,,0.00,0.00,45.0,Middle School,747.0,03:43,2,7,0,15,33, 1:23,,CAN,25.0,,11-6845,Middle School,45.00,3,0,19,12, 1:47,
748,748,,0.00,0.00,45.0,Middle School,748.0,05:53,2,3,0,19,20, 5:49,,CA,184.0,,11-2937,Middle School,45.00,4,0,18,25, 5:52,
749,749,,0.00,0.00,44.0,Middle School,749.0,05:49,2,2,0,20,16, 5:47,,SC,20.0,,11-7083,Middle School,44.00,5,0,17,28, 5:49,
750,750,,0.00,0.00,43.0,Middle School,750.0,04:17,2,8,2,14,22, 3:58,,UT,4.0,,11-4472,Middle School,43.00,5,0,17,21, 3:25,
751,751,,0.00,0.00,41.0,Middle School,751.0,04:20,1,,,,,,,CAN,26.0,,11-6797,Middle School,41.00,8,0,14,41, 4:20,
752,752,,0.00,0.00,41.0,Middle School,752.0,03:17,2,8,0,14,41, 3:17,,CAN,27.0,,11-6844,Middle School,41.00,0,0,22,0, 0:17,
753,753,,0.00,0.00,40.0,Middle School,753.0,05:18,1,,,,,,,TX,90.0,,11-5566,Middle School,40.00,9,1,13,40, 5:18,
754,754,,0.00,0.00,40.0,Middle School,754.0,05:06,2,3,0,19,20, 2:42,,FL,33.0,,11-2734,Middle School,40.00,3,0,19,20, 5:06,
755,755,,0.00,0.00,40.0,Middle School,755.0,04:48,2,1,0,21,8, 0:29,,CA,185.0,,11-3288,Middle School,40.00,6,0,16,32, 4:04,
756,756,,0.00,0.00,37.0,Middle School,756.0,03:44,2,4,0,18,16, 1:24,,KS,8.0,,11-3241,Middle School,37.00,5,0,17,21, 2:17,
757,757,,0.00,0.00,37.0,Middle School,757.0,05:41,2,4,0,18,16, 2:41,,CA,186.0,,11-3930,Middle School,37.00,5,0,17,21, 5:41,
758,758,,0.00,0.00,36.0,Middle School,758.0,05:32,2,6,0,16,24, 2:17,,CA,187.0,,11-3929,Middle School,36.00,3,0,19,12, 3:02,
759,759,T,0.00,0.00,34.0,Middle School,759.0,39:31,2,0,0,22,0,39:17,T,GA,41.0,,11-2188,Middle School,34.00,6,0,16,34, 2:00,
760,760,,0.00,0.00,33.0,Middle School,760.0,04:14,1,,,,,,,CAN,28.0,,11-6771,Middle School,33.00,8,0,14,33, 4:14,
761,761,,0.00,0.00,33.0,Middle School,761.0,05:29,1,8,0,14,33, 5:29,,CAN,29.0,,11-4795,Middle School,33.00,,,,,,
762,762,,0.00,0.00,32.0,Middle School,762.0,05:55,1,,,,,,,TX,91.0,,11-2383,Middle School,32.00,6,0,16,32, 5:55,
763,763,,0.00,0.00,31.0,Middle School,763.0,03:40,1,,,,,,,CAN,30.0,,11-6818,Middle School,31.00,7,0,15,31, 3:40,
764,764,,0.00,0.00,31.0,Middle School,764.0,04:32,2,6,0,16,24, 2:34,,CAN,31.0,,11-5348,Middle School,31.00,3,1,19,7, 1:52,
765,765,,0.00,0.00,29.0,Middle School,765.0,01:53,1,,,,,,,CA,188.0,,11-3850,Middle School,29.00,7,0,15,29, 1:53,
766,766,,0.00,0.00,28.0,Middle School,766.0,04:15,2,0,0,22,0, 0:11,,CAN,32.0,,11-5660,Middle School,28.00,7,1,15,28, 3:56,
767,767,,0.00,0.00,28.0,Middle School,767.0,05:30,2,2,0,20,12, 1:53,,AL,39.0,,11-2268,Middle School,28.00,3,0,19,16, 5:30,
768,768,,0.00,0.00,27.0,Middle School,768.0,04:07,2,4,2,18,6, 1:31,,CAN,33.0,,11-6931,Middle School,27.00,5,0,17,21, 2:34,
769,769,,0.00,0.00,27.0,Middle School,769.0,05:31,2,3,0,19,11, 5:30,,TX,92.0,,11-5213,Middle School,27.00,4,0,18,16, 5:24,
770,770,,0.00,0.00,25.0,Middle School,770.0,01:56,1,,,,,,,CA,189.0,,11-3849,Middle School,25.00,6,0,16,25, 1:56,
771,771,,0.00,0.00,25.0,Middle School,771.0,01:46,1,,,,,,,CA,190.0,,11-3847,Middle School,25.00,6,0,16,25, 1:46,
772,772,,0.00,0.00,25.0,Middle School,772.0,01:52,1,,,,,,,CA,191.0,,11-3848,Middle School,25.00,6,0,16,25, 1:52,
773,773,,0.00,0.00,25.0,Middle School,773.0,03:02,2,0,0,22,0, 2:00,,CT,8.0,,11-5707,Middle School,25.00,6,0,16,25, 3:02,
774,774,,0.00,0.00,25.0,Middle School,774.0,02:50,1,,,,,,,OK,6.0,,11-5966,Middle School,25.00,6,0,16,25, 2:50,
775,775,T,0.00,0.00,25.0,Middle School,775.0,46:07,2,0,0,22,0, 1:14,,CAN,34.0,,11-6611,Middle School,25.00,6,0,16,25,46:02,T
776,776,M,-5.00,0.00,28.0,Middle School,776.0,05:57,2,4,0,18,15, 5:57,,TX,93.0,,11-6353,Middle School,23.00,3,0,19,13, 5:53,M
777,777,,0.00,0.00,22.0,Middle School,777.0,01:35,2,2,0,20,10, 1:35,,KS,9.0,,11-1248,Middle School,22.00,3,0,19,12, 1:23,
778,778,,0.00,0.00,22.0,Middle School,778.0,05:47,2,1,0,21,5, 5:32,,FL,34.0,,11-2080,Middle School,22.00,4,0,18,17, 5:35,
779,779,,0.00,0.00,21.0,Middle School,779.0,01:46,1,,,,,,,CA,192.0,,11-3846,Middle School,21.00,5,0,17,21, 1:46,
780,780,,0.00,0.00,21.0,Middle School,780.0,01:37,1,,,,,,,FL,35.0,,11-4962,Middle School,21.00,5,0,17,21, 1:37,
781,781,,0.00,0.00,20.0,Middle School,781.0,02:24,2,2,0,20,12, 1:11,,NY,3.0,,11-4947,Middle School,20.00,1,0,21,8, 2:24,
782,782,,0.00,0.00,19.0,Middle School,782.0,04:04,1,5,0,17,19, 4:02,,CAN,35.0,,11-4355,Middle School,19.00,,,,,,
783,783,,0.00,0.00,17.0,Middle School,783.0,05:04,1,,,,,,,OK,7.0,,11-5968,Middle School,17.00,4,0,18,17, 5:04,
784,784,,0.00,0.00,16.0,Middle School,784.0,05:43,2,2,0,20,8, 5:42,,TX,94.0,,11-4051,Middle School,16.00,2,0,20,8, 5:43,
785,785,,0.00,0.00,16.0,Middle School,785.0,05:23,1,,,,,,,TX,95.0,,11-5059,Middle School,16.00,4,0,18,16, 5:23,
786,786,,0.00,0.00,14.0,Middle School,786.0,03:54,2,3,2,19,2, 3:20,,CA,193.0,,11-5537,Middle School,14.00,3,0,19,12, 0:31,
787,787,,0.00,0.00,14.0,Middle School,787.0,04:33,2,3,1,19,6, 4:27,,CA,194.0,,11-3019,Middle School,14.00,3,1,19,8, 4:33,
788,788,,0.00,0.00,14.0,Middle School,788.0,05:41,1,,,,,,,TX,96.0,,11-3369,Middle School,14.00,6,3,16,14, 5:41,
789,789,,0.00,0.00,13.0,Middle School,789.0,01:16,1,,,,,,,PA,4.0,,11-6887,Middle School,13.00,3,0,19,13, 1:16,
790,790,,0.00,0.00,13.0,Middle School,790.0,04:05,2,0,0,22,0, 0:46,,CAN,36.0,,11-5658,Middle School,13.00,2,0,20,13, 3:12,
791,791,,0.00,0.00,12.0,Middle School,791.0,04:20,1,,,,,,,CAN,37.0,,11-1879,Middle School,12.00,3,0,19,12, 4:20,
792,792,,0.00,0.00,10.0,Middle School,792.0,05:17,2,1,2,21,-6, 5:17,,CO,46.0,,11-3458,Middle School,10.00,6,2,16,16, 4:54,
793,793,,0.00,0.00,9.0,Middle School,793.0,03:46,2,2,1,20,3, 1:05,,CO,47.0,,11-2195,Middle School,9.00,5,3,17,6, 3:46,
794,794,,0.00,0.00,9.0,Middle School,794.0,01:28,2,3,0,19,12, 1:19,,GA,42.0,,11-0782,Middle School,9.00,3,3,19,-3, 1:28,
795,795,,0.00,0.00,8.0,Middle School,795.0,03:03,1,,,,,,,TX,97.0,,11-2564,Middle School,8.00,2,0,20,8, 3:03,
796,796,,0.00,0.00,5.0,Middle School,796.0,04:07,2,0,0,22,0, 3:45,,CAN,38.0,,11-5687,Middle School,5.00,1,0,21,5, 4:07,
797,797,,0.00,0.00,4.0,Middle School,797.0,00:26,1,1,0,21,4, 0:26,,CA,195.0,,11-4296,Middle School,4.00,,,,,,
798,798,,0.00,0.00,1.0,Middle School,798.0,05:17,2,0,0,22,0, 0:43,,AR,10.0,,11-0211,Middle School,1.00,4,3,18,1, 5:17,
799,799,,0.00,0.00,0.0,Middle School,799.0,04:54,2,0,0,22,0, 1:58,,SC,21.0,,11-6858,Middle School,0.00,0,0,22,0, 4:54,
800,800,,0.00,0.00,0.0,Middle School,800.0,00:22,2,0,0,22,0, 0:22,,CA,196.0,,11-4300,Middle School,0.00,0,0,22,0, 0:20,
801,801,,0.00,0.00,-10.0,Middle School,801.0,03:03,2,0,0,22,0, 3:03,,CAN,39.0,,11-5688,Middle School,-10.00,0,2,22,-10, 2:24,
